MP_Name,State,Constituency,Allocated_Amount,Works_Completed_Count,Works_Completed_Total_Amount,Expenditure_Records_Count,Expenditure_Total_Amount,Expenditure_Payment In-Progress,Expenditure_Payment Success,Expenditure_Unspecified,Calamity_Consent_Count,Calamity_Consent_Total_Amount,Total_Fund_Utilized,Balance_Allocated_Limit,Utilization_Percent
BISHNU PADA RAY,Andaman And Nicobar Islands,ANDAMAN AND NICOBAR ISLANDS,147000000.0,0.0,0.0,4.0,5329861.0,0.0,5329861.0,0.0,0.0,0.0,5329861.0,141670139.0,3.63
Maddila Gurumoorthy,Andhra Pradesh,TIRUPATI(SC),180399007.0,15.0,8489704.0,29.0,6810524.0,3004950.0,3805574.0,0.0,0.0,0.0,6810524.0,173588483.0,3.78
Dr Chandra Sekhar Pemmasani,Andhra Pradesh,GUNTUR,159774113.11,0.0,0.0,19.0,14645757.0,3975336.0,10670421.0,0.0,0.0,0.0,14645757.0,145128356.11,9.17
DR BYREDDY SHABARI,Andhra Pradesh,NANDYAL,150675889.11,2.0,1642211.0,10.0,4791685.0,0.0,4791685.0,0.0,0.0,0.0,4791685.0,145884204.11,3.18
Magunta Sreenivasulu Reddy,Andhra Pradesh,ONGOLE,147000000.0,0.0,0.0,3.0,3720853.0,2521716.0,1199137.0,0.0,0.0,0.0,3720853.0,143279147.0,2.53
AMBICA G LAKSHMINARAYANA VALMIKI,Andhra Pradesh,ANANTAPUR,201899064.11,7.0,3883891.0,7.0,3316864.0,0.0,3316864.0,0.0,0.0,0.0,3316864.0,198582200.11,1.64
DAGGUMALLA PRASADA RAO,Andhra Pradesh,CHITTOOR,147000000.0,77.0,33830660.0,5.0,2466915.0,0.0,2466915.0,0.0,0.0,0.0,2466915.0,144533085.0,1.68
Daggubati Purandeshwari,Andhra Pradesh,RAJAHMUNDRY,147000000.0,0.0,0.0,2.0,2118531.0,0.0,2118531.0,0.0,0.0,0.0,2118531.0,144881469.0,1.44
C.M.RAMESH,Andhra Pradesh,ANAKAPALLE,202531656.11,0.0,0.0,2.0,3121992.0,3121992.0,0.0,0.0,0.0,0.0,3121992.0,199409664.11,1.54
Sivanath Kesineni,Andhra Pradesh,VIJAYAWADA,159864032.49,0.0,0.0,1.0,1642866.0,0.0,1642866.0,0.0,0.0,0.0,1642866.0,158221166.49,1.03
TANGELLA UDAY SRINIVAS,Andhra Pradesh,KAKINADA,199417886.76,1.0,5958963.0,4.0,2661694.0,1170176.0,1491518.0,0.0,0.0,0.0,2661694.0,196756192.76,1.33
Bhupathiraju Srinivasa varma,Andhra Pradesh,NARASAPURAM,147000000.0,0.0,0.0,0.0,0.0,0.0,0.0,0.0,0.0,0.0,0.0,147000000.0,0.0
BASTIPATI NAGARAJU PANCHALINGALA,Andhra Pradesh,KURNOOL,159998515.11,47.0,12796536.0,0.0,0.0,0.0,0.0,0.0,0.0,0.0,0.0,159998515.11,0.0
Balashowry Vallabbhaneni,Andhra Pradesh,MACHILIPATNAM,147000000.0,1.0,299297.0,3.0,2126104.0,967831.0,1158273.0,0.0,0.0,0.0,2126104.0,144873896.0,1.45
B K PARTHASARATHI,Andhra Pradesh,HINDUPUR,160491894.11,8.0,11448339.0,4.0,2497951.0,1499787.0,998164.0,0.0,0.0,0.0,2497951.0,157993943.11,1.56
Appalanaidu Kalisetti,Andhra Pradesh,VIZIANAGARAM,147000000.0,1.0,399545.0,9.0,4032405.0,297145.0,3735260.0,0.0,0.0,0.0,4032405.0,142967595.0,2.74
GM Harish Balayogi,Andhra Pradesh,AMALAPURAM(SC),147000000.0,3.0,4964016.0,8.0,4160499.0,1358355.0,2802144.0,0.0,0.0,0.0,4160499.0,142839501.0,2.83
Putta Mahesh Kumar,Andhra Pradesh,ELURU,147000000.0,37.0,14800000.0,7.0,5238192.0,1097173.0,4141019.0,0.0,0.0,0.0,5238192.0,141761808.0,3.56
Gumma Thanuja Rani,Andhra Pradesh,ARAKU(ST),149458905.11,5.0,6972000.0,18.0,7674798.0,2980535.0,4694263.0,0.0,0.0,0.0,7674798.0,141784107.11,5.14
PRABHAKAR REDDY VEMIREDDY,Andhra Pradesh,NELLORE(SC),147000000.0,26.0,13574917.0,8.0,3265775.0,0.0,3265775.0,0.0,0.0,0.0,3265775.0,143734225.0,2.22
Lavu Sri Krishna Devarayalu,Andhra Pradesh,NARASARAOPET,174009663.11,0.0,0.0,0.0,0.0,0.0,0.0,0.0,0.0,0.0,0.0,174009663.11,0.0
Krishna Prasad Tenneti,Andhra Pradesh,BAPATLA,167796849.11,0.0,0.0,8.0,6116120.0,2949271.0,3166849.0,0.0,1.0,1000000.0,7116120.0,160680729.11,4.24
Sribharat MathuKumli,Andhra Pradesh,VISAKHAPATNAM,164841922.0,0.0,0.0,14.0,9323843.0,2851075.0,6472768.0,0.0,0.0,0.0,9323843.0,155518079.0,5.66
Midhun Reddy,Andhra Pradesh,RAJAMPET,178951477.11,25.0,5349307.0,21.0,8959655.0,5603875.0,3355780.0,0.0,0.0,0.0,8959655.0,169991822.11,5.01
Y S Avinash Reddy,Andhra Pradesh,KADAPA,156430260.11,18.0,13525414.0,16.0,5524116.0,0.0,5524116.0,0.0,0.0,0.0,5524116.0,150906144.11,3.53
Kinjarapu Ram Mohan Naidu,Andhra Pradesh,SRIKAKULAM,171200630.11,9.0,4217814.0,15.0,8569640.0,1998022.0,6571618.0,0.0,0.0,0.0,8569640.0,162630990.11,5.01
Shri Tapir Gao,Arunachal Pradesh,ARUNACHAL EAST,147000000.0,43.0,44190758.0,0.0,0.0,0.0,0.0,0.0,0.0,0.0,0.0,147000000.0,0.0
Kiren Rijiju,Arunachal Pradesh,ARUNACHAL WEST,147000000.0,0.0,0.0,7.0,2700000.0,2500000.0,200000.0,0.0,0.0,0.0,2700000.0,144300000.0,1.84
Shri Sarbananda Sonowal (18LS),Assam,DIBRUGARH,147000000.0,0.0,0.0,6.0,3107681.0,0.0,3107681.0,0.0,0.0,0.0,3107681.0,143892319.0,2.11
Kripanath Mallah,Assam,KARIMGANJ (SC),147000000.0,0.0,0.0,7.0,3280447.0,0.0,3280447.0,0.0,0.0,0.0,3280447.0,143719553.0,2.23
BIJULI KALITA MEDHI,Assam,GUWAHATI,147000000.0,5.0,6650000.0,17.0,8213108.0,3359999.0,4853109.0,0.0,0.0,0.0,8213108.0,138786892.0,5.59
GAURAV GOGOI,Assam,JORHAT,147000000.0,9.0,2199890.0,10.0,1907746.0,366865.0,1540881.0,0.0,0.0,0.0,1907746.0,145092254.0,1.3
JOYANTA BASUMATARY,Assam,KOKRAJHAR (ST),147000000.0,0.0,0.0,5.0,3100000.0,100000.0,3000000.0,0.0,0.0,0.0,3100000.0,143900000.0,2.11
PARIMAL SUKLABAIDYA,Assam,SILCHAR,148300157.11,0.0,0.0,2.0,112320.0,0.0,112320.0,0.0,0.0,0.0,112320.0,148187837.11,0.08
RANJIT DUTTA,Assam,Sonitpur,147000000.0,4.0,3878000.0,16.0,4863451.0,1518817.0,3344634.0,0.0,0.0,0.0,4863451.0,142136549.0,3.31
RAKIBUL HUSSAIN,Assam,DHUBRI,147000000.0,5.0,2499919.0,10.0,4619986.0,2599986.0,2020000.0,0.0,0.0,0.0,4619986.0,142380014.0,3.14
PHANI BHUSAN CHOUDHURY,Assam,BARPETA,147000000.0,2.0,3400000.0,18.0,3970239.0,320000.0,3650239.0,0.0,0.0,0.0,3970239.0,143029761.0,2.7
Pradan Baruah,Assam,LAKHIMPUR,147000000.0,10.0,6839238.0,11.0,2373969.0,324886.0,2049083.0,0.0,0.0,0.0,2373969.0,144626031.0,1.61
Pradyut Bordoloi,Assam,NOWGONG,98000000.0,8.0,4070720.0,1.0,95760.0,0.0,95760.0,0.0,0.0,0.0,95760.0,97904240.0,0.1
KAMAKHYA PRASAD TASA,Assam,Kaziranga,147000000.0,0.0,0.0,24.0,7250248.0,0.0,7250248.0,0.0,0.0,0.0,7250248.0,139749752.0,4.93
Dilip Saikia,Assam,Darrang-Udalguri,147000000.0,0.0,0.0,6.0,1498297.0,304997.0,1193300.0,0.0,0.0,0.0,1498297.0,145501703.0,1.02
AMARSING TISSO,Assam,Diphu (ST),147000000.0,33.0,25068172.0,22.0,7740284.0,2741544.0,4998740.0,0.0,0.0,0.0,7740284.0,139259716.0,5.27
Rajiv Pratap Rudy,Bihar,SARAN,147000000.0,0.0,0.0,0.0,0.0,0.0,0.0,0.0,0.0,0.0,0.0,147000000.0,0.0
Alok Kumar Suman,Bihar,GOPALGANJ (SC),147000000.0,1.0,1032374.0,5.0,3791455.0,942280.0,2849175.0,0.0,0.0,0.0,3791455.0,143208545.0,2.58
RAJESH VERMA,Bihar,KHAGARIA,147000000.0,36.0,37288330.0,0.0,0.0,0.0,0.0,0.0,0.0,0.0,0.0,147000000.0,0.0
RAJ BHUSHAN CHOUDHARY,Bihar,MUZAFFARPUR,147000000.0,28.0,42465275.0,0.0,0.0,0.0,0.0,0.0,0.0,0.0,0.0,147000000.0,0.0
Ajay Kumar Mandal,Bihar,BHAGALPUR,147000000.0,16.0,15015414.0,0.0,0.0,0.0,0.0,0.0,0.0,0.0,0.0,147000000.0,0.0
SUDAMA PRASAD,Bihar,ARRAH,147000000.0,0.0,0.0,4.0,1533299.0,1365149.0,168150.0,0.0,0.0,0.0,1533299.0,145466701.0,1.04
MISHA BHARTI,Bihar,PATALIPUTRA,147000000.0,0.0,0.0,0.0,0.0,0.0,0.0,0.0,0.0,0.0,0.0,147000000.0,0.0
SUDHAKAR SINGH,Bihar,BUXAR,185211956.54,33.0,27705504.0,2.0,1540301.0,1540301.0,0.0,0.0,0.0,0.0,1540301.0,183671655.54,0.83
Kaushalendra Kumar,Bihar,NALANDA,147000000.0,0.0,0.0,3.0,991923.0,991923.0,0.0,0.0,0.0,0.0,991923.0,146008077.0,0.67
Mr Gopal Jee Thakur,Bihar,DARBHANGA,147000000.0,1.0,218952.0,0.0,0.0,0.0,0.0,0.0,0.0,0.0,0.0,147000000.0,0.0
Sanjay Jaiswal,Bihar,PASCHIM CHAMPARAN,147000000.0,0.0,0.0,0.0,0.0,0.0,0.0,0.0,0.0,0.0,0.0,147000000.0,0.0
VIVEK THAKUR,Bihar,NAWADA,147000000.0,0.0,0.0,1.0,418162.0,418162.0,0.0,0.0,0.0,0.0,418162.0,146581838.0,0.28
Dinesh Chandra Yadav,Bihar,MADHEPURA,150070866.11,24.0,29976000.0,0.0,0.0,0.0,0.0,0.0,0.0,0.0,0.0,150070866.11,0.0
RAJA RAM SINGH,Bihar,KARAKAT,147000000.0,18.0,10188523.0,4.0,2121849.0,636572.0,1485277.0,0.0,0.0,0.0,2121849.0,144878151.0,1.44
Sunil Kumar,Bihar,VALMIKI NAGAR,147000000.0,13.0,9923611.0,0.0,0.0,0.0,0.0,0.0,0.0,0.0,0.0,147000000.0,0.0
SHAMBHAVI,Bihar,SAMASTIPUR(SC),147000000.0,0.0,0.0,12.0,8862927.0,1991459.0,6871468.0,0.0,0.0,0.0,8862927.0,138137073.0,6.03
Radha Mohan Singh,Bihar,PURVI CHAMPARAN,147000000.0,16.0,18596526.0,0.0,0.0,0.0,0.0,0.0,0.0,0.0,0.0,147000000.0,0.0
Rajiv Ranjan (Lalan) Singh,Bihar,MUNGER,147000000.0,0.0,0.0,0.0,0.0,0.0,0.0,0.0,0.0,0.0,0.0,147000000.0,0.0
CHIRAG PASWAN,Bihar,HAJIPUR(SC),147000000.0,0.0,0.0,5.0,4946094.0,0.0,4946094.0,0.0,0.0,0.0,4946094.0,142053906.0,3.36
Smt Veena Devi,Bihar,VAISHALI,147000000.0,24.0,76611000.0,0.0,0.0,0.0,0.0,0.0,0.0,0.0,0.0,147000000.0,0.0
Pradeep Kumar Singh,Bihar,ARARIA,147000000.0,28.0,67273127.0,47.0,38108019.0,0.0,38108019.0,0.0,0.0,0.0,38108019.0,108891981.0,25.92
RAJESH RANJAN ALIAS PAPPU YADAV,Bihar,PURNEA,147000000.0,39.0,36337023.0,30.0,24848000.0,0.0,24848000.0,0.0,0.0,0.0,24848000.0,122152000.0,16.9
DEVESH CHANDRA THAKUR,Bihar,SITAMARHI,163809205.11,49.0,12750000.0,8.0,2375985.0,0.0,2375985.0,0.0,0.0,0.0,2375985.0,161433220.11,1.45
Ramprit Mandal,Bihar,JHANJHARPUR,147000000.0,33.0,30163579.0,0.0,0.0,0.0,0.0,0.0,0.0,0.0,0.0,147000000.0,0.0
ARUN BHARTI,Bihar,JAMUI(SC),194924621.11,0.0,0.0,1.0,481732.0,0.0,481732.0,0.0,0.0,0.0,481732.0,194442889.11,0.25
SURENDRA PRASAD YADAV,Bihar,JAHANABAD,155325714.0,0.0,0.0,3.0,2638386.0,142386.0,2496000.0,0.0,0.0,0.0,2638386.0,152687328.0,1.7
LOVELY ANAND,Bihar,SHEOHAR,147000000.0,10.0,9500000.0,3.0,5263932.0,398000.0,4865932.0,0.0,0.0,0.0,5263932.0,141736068.0,3.58
JITAN RAM MANJHI,Bihar,GAYA (SC),147000000.0,2.0,1569831.0,1.0,497885.0,497885.0,0.0,0.0,0.0,0.0,497885.0,146502115.0,0.34
Giridhari Yadav,Bihar,BANKA,147000000.0,43.0,55949105.0,2.0,1980494.0,0.0,1980494.0,0.0,0.0,0.0,1980494.0,145019506.0,1.35
Dileshwar Kamait,Bihar,SUPAUL,150450930.89,40.0,50042614.0,0.0,0.0,0.0,0.0,0.0,0.0,0.0,0.0,150450930.89,0.0
Giriraj Singh,Bihar,BEGUSARAI,147000000.0,0.0,0.0,0.0,0.0,0.0,0.0,0.0,0.0,0.0,0.0,147000000.0,0.0
Dr Mohammad Jawed,Bihar,KISHANGANJ,148669229.11,65.0,41980000.0,0.0,0.0,0.0,0.0,0.0,0.0,0.0,0.0,148669229.11,0.0
TARIQ ANWAR,Bihar,KATIHAR,147000000.0,0.0,0.0,0.0,0.0,0.0,0.0,0.0,0.0,0.0,0.0,147000000.0,0.0
VIJAYLAKSHMI DEVI,Bihar,SIWAN,147000000.0,21.0,21344242.0,0.0,0.0,0.0,0.0,0.0,0.0,0.0,0.0,147000000.0,0.0
MANOJ KUMAR,Bihar,SASARAM(SC),147000000.0,22.0,21803036.0,2.0,5176465.0,201465.0,4975000.0,0.0,0.0,0.0,5176465.0,141823535.0,3.52
Ashok Kumar Yadav,Bihar,MADHUBANI,147000000.0,54.0,27655882.0,0.0,0.0,0.0,0.0,0.0,0.0,0.0,0.0,147000000.0,0.0
ABHAY KUMAR SINHA,Bihar,AURANGABAD_BR,147000000.0,84.0,39939422.0,0.0,0.0,0.0,0.0,0.0,0.0,0.0,0.0,147000000.0,0.0
Ravi Shankar Prasad,Bihar,PATNA SAHIB,147000000.0,30.0,24257659.0,0.0,0.0,0.0,0.0,0.0,0.0,0.0,0.0,147000000.0,0.0
Shri Janardan Singh Sigriwal,Bihar,MAHARAJGANJ_BR,147000000.0,6.0,12000000.0,6.0,6527284.0,0.0,6527284.0,0.0,0.0,0.0,6527284.0,140472716.0,4.44
Nityanand Rai,Bihar,UJJARPUR,147000000.0,0.0,0.0,2.0,1700000.0,1700000.0,0.0,0.0,0.0,0.0,1700000.0,145300000.0,1.16
MANISH TEWARI,Chandigarh,CHANDIGARH,178351443.75,16.0,7044886.0,14.0,5157132.0,761625.0,4395507.0,0.0,0.0,0.0,5157132.0,173194311.75,2.89
Jyotsna Charandas Mahant,Chhattisgarh,KORBA,155153738.11,89.0,30883870.0,28.0,5064847.0,1569568.0,3495279.0,0.0,0.0,0.0,5064847.0,150088891.11,3.26
ROOP KUMARI CHOUDHARY,Chhattisgarh,MAHASAMUND,153035414.0,53.0,27263836.0,13.0,4200667.0,990667.0,3210000.0,0.0,0.0,0.0,4200667.0,148834747.0,2.74
Santosh Pandey,Chhattisgarh,RAJNANDGAON,147000000.0,14.0,7439363.0,26.0,6216292.0,1589400.0,4626892.0,0.0,0.0,0.0,6216292.0,140783708.0,4.23
CHINTAMANI MAHARAJ,Chhattisgarh,SARGUJA(ST),147000000.0,50.0,18041956.0,14.0,3765690.0,1994369.0,1771321.0,0.0,0.0,0.0,3765690.0,143234310.0,2.56
RADHE SHYAM RATHIYA,Chhattisgarh,RAIGARH(ST),159706972.09,38.0,31250037.0,6.0,2501944.0,1826944.0,675000.0,0.0,0.0,0.0,2501944.0,157205028.09,1.57
BRIJMOHAN AGRAWAL,Chhattisgarh,RAIPUR,153766451.11,22.0,17241253.0,4.0,1152008.0,802008.0,350000.0,0.0,0.0,0.0,1152008.0,152614443.11,0.75
BHOJRAJ NAG,Chhattisgarh,KANKER(ST),164672734.11,14.0,9641724.0,3.0,2682900.0,750000.0,1932900.0,0.0,0.0,0.0,2682900.0,161989834.11,1.63
Vijay Baghel,Chhattisgarh,DURG,147000000.0,9.0,6690837.0,20.0,6649509.0,1794509.0,4855000.0,0.0,0.0,0.0,6649509.0,140350491.0,4.52
KAMLESH JANGDE,Chhattisgarh,JANJGIR CHAMPA(SC),150384382.11,59.0,47018461.0,5.0,1764285.0,1050000.0,714285.0,0.0,0.0,0.0,1764285.0,148620097.11,1.17
TOKHAN SAHU,Chhattisgarh,BILASPUR,147000000.0,27.0,15869717.0,11.0,9552482.0,3399100.0,6153382.0,0.0,0.0,0.0,9552482.0,137447518.0,6.5
MAHESH KASHYAP,Chhattisgarh,BASTAR(ST),147000000.0,16.0,10843931.0,12.0,5183497.0,4183131.0,1000366.0,0.0,0.0,0.0,5183497.0,141816503.0,3.53
Kamaljeet Sehrawat,Delhi,WEST DELHI,147000000.0,1.0,649322.0,2.0,1124652.0,165416.0,959236.0,0.0,0.0,0.0,1124652.0,145875348.0,0.77
Harsh Malhotra,Delhi,EAST DELHI,147134131.0,2.0,1523000.0,0.0,0.0,0.0,0.0,0.0,0.0,0.0,0.0,147134131.0,0.0
Bansuri Swaraj,Delhi,NEW DELHI,154306950.0,3.0,1380969.0,2.0,1017415.0,649381.0,368034.0,0.0,0.0,0.0,1017415.0,153289535.0,0.66
Ramvir Singh Bidhuri,Delhi,SOUTH DELHI,147559100.0,0.0,0.0,4.0,3237339.0,0.0,3237339.0,0.0,0.0,0.0,3237339.0,144321761.0,2.19
Manoj Tiwari,Delhi,NORTH EAST DELHI,225843858.0,0.0,0.0,1.0,1082937.0,0.0,1082937.0,0.0,0.0,0.0,1082937.0,224760921.0,0.48
Yogendra Chandoliya,Delhi,NORTH WEST DELHI(SC),147876307.0,0.0,0.0,0.0,0.0,0.0,0.0,0.0,0.0,0.0,0.0,147876307.0,0.0
Praveen Khandelwal,Delhi,CHANDINI CHOWK,147470276.0,0.0,0.0,0.0,0.0,0.0,0.0,0.0,0.0,0.0,0.0,147470276.0,0.0
Shripad Yesso Naik,Goa,NORTH GOA,147000000.0,0.0,0.0,1.0,61425.0,0.0,61425.0,0.0,0.0,0.0,61425.0,146938575.0,0.04
CAPTAIN VIRIATO FERNANDES,Goa,SOUTH GOA,147000000.0,0.0,0.0,0.0,0.0,0.0,0.0,0.0,0.0,0.0,0.0,147000000.0,0.0
DHAVAL LAXMANBHAI PATEL,Gujarat,VALSAD(ST),147000000.0,4.0,1984632.0,1.0,499224.0,0.0,499224.0,0.0,0.0,0.0,499224.0,146500776.0,0.34
PARSHOTTAMBHAI RUPALA,Gujarat,RAJKOT,147000000.0,16.0,7499786.0,12.0,6664506.0,899969.0,5764537.0,0.0,0.0,0.0,6664506.0,140335494.0,4.53
JASHUBHAI BHILUBHAI RATHVA,Gujarat,CHHOTA UDAIPUR(ST),147000000.0,0.0,0.0,21.0,8700787.0,3086384.0,5614403.0,0.0,0.0,0.0,8700787.0,138299213.0,5.92
Smt Poonamben Hematbhai Maadam,Gujarat,JAMNAGAR,147000000.0,2.0,796577.0,12.0,5384934.0,2468562.0,2916372.0,0.0,0.0,0.0,5384934.0,141615066.0,3.66
DR. HEMANG JOSHI,Gujarat,VADODARA,147000000.0,9.0,3845000.0,24.0,10710323.0,426302.0,10284021.0,0.0,0.0,0.0,10710323.0,136289677.0,7.29
Devusinh Jesingbhai Chauhan,Gujarat,KHEDA,147000000.0,32.0,5606321.0,26.0,5792617.0,1399174.0,4393443.0,0.0,0.0,0.0,5792617.0,141207383.0,3.94
GENIBEN NAGAJI THAKOR,Gujarat,BANASKANTHA,147000000.0,1.0,300000.0,14.0,5908841.0,799807.0,5109034.0,0.0,0.0,0.0,5908841.0,141091159.0,4.02
Hasmukh Bhai Soma Bhai Patel,Gujarat,AHMEDABAD EAST,147000000.0,0.0,0.0,2.0,687854.0,0.0,687854.0,0.0,0.0,0.0,687854.0,146312146.0,0.47
RAJPALSINH MAHENDRASINH JADAV,Gujarat,PANCHMAHAL,147000000.0,6.0,1594978.0,25.0,4892406.0,2038406.0,2854000.0,0.0,0.0,0.0,4892406.0,142107594.0,3.33
Jaswantsinh Sumanbhai Bhabhor,Gujarat,DAHOD(ST),147000000.0,11.0,3299500.0,27.0,7855003.0,0.0,7855003.0,0.0,0.0,0.0,7855003.0,139144997.0,5.34
DR. MANSUKH MANDAVIYA,Gujarat,PORBANDAR,147000000.0,4.0,1300000.0,14.0,6961124.0,550000.0,6411124.0,0.0,0.0,0.0,6961124.0,140038876.0,4.74
Shri Amit Shah,Gujarat,GANDHINAGAR,147000000.0,0.0,0.0,3.0,7552639.0,170639.0,7382000.0,0.0,0.0,0.0,7552639.0,139447361.0,5.14
SHOBHANABEN MAHENDRASINH BARAIYA,Gujarat,SABARKANTHA,147000000.0,30.0,10842964.0,12.0,5100000.0,2500000.0,2600000.0,0.0,0.0,0.0,5100000.0,141900000.0,3.47
CHANDUBHAI CHHAGANBHAI SHIHORA,Gujarat,SURENDRANAGAR,147000000.0,28.0,10856490.0,22.0,7786706.0,579418.0,7207288.0,0.0,0.0,0.0,7786706.0,139213294.0,5.3
Mitesh Rameshbhai Bakabhai Patel,Gujarat,ANAND,147000000.0,42.0,7341199.0,21.0,5070233.0,2763549.0,2306684.0,0.0,0.0,0.0,5070233.0,141929767.0,3.45
MUKESHKUMAR CHANDRAKAANT DALAL,Gujarat,SURAT,147000000.0,5.0,946160.0,9.0,1800000.0,0.0,1800000.0,0.0,0.0,0.0,1800000.0,145200000.0,1.22
HARIBHAI PATEL,Gujarat,MAHESANA,147000000.0,28.0,4770000.0,42.0,9016309.0,50000.0,8966309.0,0.0,0.0,0.0,9016309.0,137983691.0,6.13
NIMUBEN JAYANTIBHAI BAMBHANIYA,Gujarat,BHAVNAGAR,147000000.0,12.0,3793339.0,0.0,0.0,0.0,0.0,0.0,0.0,0.0,0.0,147000000.0,0.0
BHARATBHAI MANUBHAI SUTARIYA,Gujarat,AMRELI,147000000.0,31.0,10880658.0,24.0,8137732.0,1688425.0,6449307.0,0.0,0.0,0.0,8137732.0,138862268.0,5.54
C R Patil,Gujarat,NAVSARI,158532494.36,0.0,0.0,20.0,10281000.0,7875000.0,2406000.0,0.0,0.0,0.0,10281000.0,148251494.36,6.49
DINESHBHAI MAKWANA,Gujarat,AHMEDABAD WEST(SC),160434965.11,0.0,0.0,1.0,9000000.0,0.0,9000000.0,0.0,0.0,0.0,9000000.0,151434965.11,5.61
Bharatsinhji Shankarji Dabhi,Gujarat,PATAN,147000000.0,48.0,15638658.0,17.0,5995710.0,1099891.0,4895819.0,0.0,0.0,0.0,5995710.0,141004290.0,4.08
Rajeshbhai Naranbhai Chudasama,Gujarat,JUNAGADH,147000000.0,3.0,850000.0,11.0,3594748.0,1736852.0,1857896.0,0.0,0.0,0.0,3594748.0,143405252.0,2.45
Prabhubhai Nagarbhai Vasava,Gujarat,BARDOLI(ST),147000000.0,24.0,6659727.0,4.0,2240050.0,250000.0,1990050.0,0.0,0.0,0.0,2240050.0,144759950.0,1.52
Mansukhbhai Dhanjibhai Vasava,Gujarat,BHARUCH,147000000.0,53.0,17722684.0,27.0,7722795.0,1997598.0,5725197.0,0.0,0.0,0.0,7722795.0,139277205.0,5.25
Vinod Chavda,Gujarat,KACHCHH(SC),147000000.0,5.0,2211849.0,12.0,4159071.0,2609071.0,1550000.0,0.0,0.0,0.0,4159071.0,142840929.0,2.83
JAI PARKASH,Haryana,HISAR,147000000.0,4.0,736347.0,83.0,15778169.0,5258541.0,10519628.0,0.0,0.0,0.0,15778169.0,131221831.0,10.73
VARUN CHAUDHRY,Haryana,AMBALA (SC),255454264.0,0.0,0.0,16.0,5773922.0,4512107.0,1261815.0,0.0,0.0,0.0,5773922.0,249680342.0,2.26
Rao Inderjit Singh,Haryana,GURGAON,147000000.0,5.0,5744320.0,6.0,3454672.0,1272464.0,2182208.0,0.0,0.0,0.0,3454672.0,143545328.0,2.35
NAVEEN JINDAL,Haryana,KURUKSHETRA,147000000.0,34.0,9656176.0,9.0,2899902.0,411647.0,2488255.0,0.0,0.0,0.0,2899902.0,144100098.0,1.97
SATPAL BRAHAMCHARI,Haryana,SONEPAT,147000000.0,1.0,694399.0,74.0,14999052.0,3054017.0,11945035.0,0.0,0.0,0.0,14999052.0,132000948.0,10.2
SELJA,Haryana,SIRSA(SC),147000000.0,1.0,500000.0,43.0,8144747.0,2555756.0,5588991.0,0.0,0.0,0.0,8144747.0,138855253.0,5.54
Shri  Dharambir Singh,Haryana,BHIWANI MAHENDRAGARH,147000000.0,7.0,4005663.0,20.0,6854314.0,3000000.0,3854314.0,0.0,0.0,0.0,6854314.0,140145686.0,4.66
DEEPENDER SINGH HOODA,Haryana,ROHTAK,147000000.0,17.0,10002310.0,20.0,5644318.0,492294.0,5152024.0,0.0,0.0,0.0,5644318.0,141355682.0,3.84
Krishan Pal Gurjar,Haryana,FARIDABAD,147000000.0,0.0,0.0,9.0,5101883.0,1199870.0,3902013.0,0.0,0.0,0.0,5101883.0,141898117.0,3.47
MANOHAR LAL,Haryana,KARNAL,147000000.0,0.0,0.0,2.0,5946396.0,0.0,5946396.0,0.0,0.0,0.0,5946396.0,141053604.0,4.05
Anurag Singh Thakur,Himachal Pradesh,HAMIRPUR_HP,149570117.11,6.0,1088564.0,2.0,140000.0,50000.0,90000.0,0.0,0.0,0.0,140000.0,149430117.11,0.09
Kangana Ranaut,Himachal Pradesh,MANDI,147000000.0,28.0,8046798.0,117.0,11631010.0,1827464.0,9803546.0,0.0,0.0,0.0,11631010.0,135368990.0,7.91
Suresh Kumar Kashyap,Himachal Pradesh,SHIMLA (SC),153563957.11,22.0,5100000.0,5.0,900000.0,900000.0,0.0,0.0,0.0,0.0,900000.0,152663957.11,0.59
RAJEEV BHARDWAJ,Himachal Pradesh,KANGRA,179388967.11,67.0,14385676.0,18.0,2199063.0,511781.0,1687282.0,0.0,0.0,0.0,2199063.0,177189904.11,1.23
Jitendra Singh,Jammu And Kashmir,UDHAMPUR,147000000.0,38.0,6363458.0,22.0,3646269.0,330200.0,3316069.0,0.0,0.0,0.0,3646269.0,143353731.0,2.48
ABDUL RASHID SHEIKH,Jammu And Kashmir,BARAMULLAH,154773472.11,0.0,0.0,11.0,5096157.0,767400.0,4328757.0,0.0,0.0,0.0,5096157.0,149677315.11,3.29
MIAN ALTAF AHMAD,Jammu And Kashmir,ANANTNAG,147000000.0,0.0,0.0,2.0,924189.0,0.0,924189.0,0.0,0.0,0.0,924189.0,146075811.0,0.63
Shri Jugal Kishore Sharma,Jammu And Kashmir,JAMMU,147000000.0,2.0,1489825.0,17.0,3882760.0,211000.0,3671760.0,0.0,0.0,0.0,3882760.0,143117240.0,2.64
AGA SYED RUHULLAH MEHDI,Jammu And Kashmir,SRINAGAR,147000000.0,0.0,0.0,20.0,3437977.0,2024261.0,1413716.0,0.0,0.0,0.0,3437977.0,143562023.0,2.34
DULU MAHATO,Jharkhand,DHANBAD,147000000.0,0.0,0.0,70.0,13585395.0,13585395.0,0.0,0.0,0.0,0.0,13585395.0,133414605.0,9.24
Vijay Kumar Hansdak,Jharkhand,RAJMAHAL(ST),147223957.11,0.0,0.0,0.0,0.0,0.0,0.0,0.0,0.0,0.0,0.0,147223957.11,0.0
SUKHDEO BHAGAT,Jharkhand,LOHARDAGA(ST),171821957.11,48.0,38072970.0,0.0,0.0,0.0,0.0,0.0,0.0,0.0,0.0,171821957.11,0.0
NALIN SOREN,Jharkhand,DUMKA(ST),147364097.11,32.0,10450000.0,24.0,3837500.0,0.0,3837500.0,0.0,0.0,0.0,3837500.0,143526597.11,2.6
JOBA MAJHI,Jharkhand,SINGHBHUM(ST),147000000.0,0.0,0.0,0.0,0.0,0.0,0.0,0.0,0.0,0.0,0.0,147000000.0,0.0
Annpurna Devi,Jharkhand,KODARMA,166665931.8,0.0,0.0,10.0,3642205.0,2646330.0,995875.0,0.0,0.0,0.0,3642205.0,163023726.8,2.19
Nishikant Dubey,Jharkhand,GODDA,147000000.0,0.0,0.0,0.0,0.0,0.0,0.0,0.0,0.0,0.0,0.0,147000000.0,0.0
Sanjay Seth,Jharkhand,RANCHI,147064357.11,48.0,28851300.0,0.0,0.0,0.0,0.0,0.0,0.0,0.0,0.0,147064357.11,0.0
Vishnu Dayal Ram,Jharkhand,PALAMU(SC),158176083.11,29.0,12787887.0,1.0,270000.0,270000.0,0.0,0.0,0.0,0.0,270000.0,157906083.11,0.17
KALI CHARAN MUNDA,Jharkhand,KHUNTI(ST),147000000.0,31.0,19500000.0,0.0,0.0,0.0,0.0,0.0,0.0,0.0,0.0,147000000.0,0.0
KALI CHARAN SINGH,Jharkhand,CHATRA,147000000.0,0.0,0.0,29.0,6598298.0,5849689.0,748609.0,0.0,0.0,0.0,6598298.0,140401702.0,4.49
Bidyut Baran Mahato,Jharkhand,JAMSHEDPUR,147000000.0,0.0,0.0,0.0,0.0,0.0,0.0,0.0,0.0,0.0,0.0,147000000.0,0.0
MANISH JAISWAL,Jharkhand,HAZARIBAGH,147000000.0,0.0,0.0,0.0,0.0,0.0,0.0,0.0,0.0,0.0,0.0,147000000.0,0.0
Shri Chandra Prakash Choudhary,Jharkhand,GIRIDIH,147000000.0,3.0,898202.0,31.0,5540177.0,5540177.0,0.0,0.0,0.0,0.0,5540177.0,141459823.0,3.77
M. MALLESH BABU,Karnataka,KOLAR(SC),147065957.11,1.0,2500000.0,3.0,448209.0,48709.0,399500.0,0.0,0.0,0.0,448209.0,146617748.11,0.3
KOTA SRINIVAS POOJARY,Karnataka,UDUPI CHIKMAGALUR,147000000.0,10.0,3841569.0,26.0,9497258.0,4410895.0,5086363.0,0.0,0.0,0.0,9497258.0,137502742.0,6.46
GOVIND MAKTHAPPA KARJOL,Karnataka,CHITRADURGA(SC),147000000.0,0.0,0.0,21.0,7720737.0,6455821.0,1264916.0,0.0,0.0,0.0,7720737.0,139279263.0,5.25
JAGADISH SHETTAR,Karnataka,BELGAUM,147000000.0,0.0,0.0,11.0,4479571.0,1500000.0,2979571.0,0.0,0.0,0.0,4479571.0,142520429.0,3.05
YADUVEER KRISHNADATTA CHAMARAJA WADIYAR,Karnataka,MYSORE,147000000.0,11.0,8200000.0,2.0,675000.0,375000.0,300000.0,0.0,0.0,0.0,675000.0,146325000.0,0.46
H.D. KUMARASWAMY,Karnataka,MANDYA,147000000.0,0.0,0.0,23.0,7850000.0,7850000.0,0.0,0.0,0.0,0.0,7850000.0,139150000.0,5.34
Parvatagouda Chandanagouda Gaddigoudar,Karnataka,BAGALKOT,167541747.11,13.0,6493847.0,19.0,5971097.0,125000.0,5846097.0,0.0,0.0,0.0,5971097.0,161570650.11,3.56
V. SOMANNA,Karnataka,TUMKUR,147000000.0,1.0,2500000.0,10.0,9231761.0,9231761.0,0.0,0.0,0.0,0.0,9231761.0,137768239.0,6.28
K. RAJASHEKAR BASAVARAJ HITNAL,Karnataka,KOPPAL,147000000.0,15.0,9414218.0,2.0,600000.0,0.0,600000.0,0.0,0.0,0.0,600000.0,146400000.0,0.41
SUNIL BOSE,Karnataka,CHAMARAJANAGAR(SC),147000000.0,0.0,0.0,1.0,492252.0,0.0,492252.0,0.0,0.0,0.0,492252.0,146507748.0,0.33
P C Mohan,Karnataka,BANGALORE CENTRAL,159995711.11,1.0,4739506.0,0.0,0.0,0.0,0.0,0.0,0.0,0.0,0.0,159995711.11,0.0
VISHWESHWAR HEGDE KAGERI,Karnataka,UTTARA KANNADA,147000000.0,26.0,17700000.0,3.0,2025000.0,2025000.0,0.0,0.0,0.0,0.0,2025000.0,144975000.0,1.38
Pralhad Venkatesh Joshi,Karnataka,DHARWAD,147000000.0,9.0,3926003.0,11.0,4682370.0,4682370.0,0.0,0.0,0.0,0.0,4682370.0,142317630.0,3.19
DR. PRABHA MALLIKARJUN,Karnataka,DAVANAGERE,147000000.0,4.0,4800000.0,0.0,0.0,0.0,0.0,0.0,0.0,0.0,0.0,147000000.0,0.0
BASAVARAJ BOMMAI,Karnataka,HAVERI,147000000.0,7.0,5500000.0,16.0,4993850.0,3750000.0,1243850.0,0.0,0.0,0.0,4993850.0,142006150.0,3.4
RADHAKRISHNA,Karnataka,GULBARGA(SC),147000000.0,0.0,0.0,0.0,0.0,0.0,0.0,0.0,0.0,0.0,0.0,147000000.0,0.0
DR.K.SUDHAKAR,Karnataka,CHIKBALLAPUR,147000000.0,5.0,1748730.0,4.0,622318.0,125000.0,497318.0,0.0,0.0,0.0,622318.0,146377682.0,0.42
SHOBHA KARANDLAJE,Karnataka,BANGALORE NORTH,147000000.0,8.0,8674126.0,24.0,18669891.0,0.0,18669891.0,0.0,0.0,0.0,18669891.0,128330109.0,12.7
Shri LS Tejasvi Surya,Karnataka,BANGALORE SOUTH,147000000.0,5.0,2496530.0,1.0,499213.0,0.0,499213.0,0.0,0.0,0.0,499213.0,146500787.0,0.34
DR C N MANJUNATH,Karnataka,BANGALORE RURAL,147000000.0,26.0,13532695.0,13.0,3717173.0,1864597.0,1852576.0,0.0,1.0,500000.0,4217173.0,142782827.0,2.87
E. TUKARAM,Karnataka,BELLARY(ST),147000000.0,0.0,0.0,10.0,6560785.0,5435785.0,1125000.0,0.0,0.0,0.0,6560785.0,140439215.0,4.46
SHREYAS. M. PATEL,Karnataka,HASSAN,147000000.0,0.0,0.0,12.0,3186703.0,345943.0,2840760.0,0.0,0.0,0.0,3186703.0,143813297.0,2.17
Ramesh Chandappa Jigajinagi,Karnataka,BIJAPUR(SC),269500000.0,0.0,0.0,23.0,5292823.0,1876918.0,3415905.0,0.0,0.0,0.0,5292823.0,264207177.0,1.96
SAGAR ESHWAR KHANDRE,Karnataka,BIDAR,147000000.0,0.0,0.0,12.0,4907250.0,3111750.0,1795500.0,0.0,0.0,0.0,4907250.0,142092750.0,3.34
Shri B Y Raghavendra,Karnataka,SHIMOGA,147000000.0,6.0,2672161.0,5.0,970000.0,660000.0,310000.0,0.0,0.0,0.0,970000.0,146030000.0,0.66
G. KUMAR NAIK,Karnataka,RAICHUR(ST),147000000.0,3.0,2980000.0,7.0,2363649.0,1238649.0,1125000.0,0.0,0.0,0.0,2363649.0,144636351.0,1.61
CAPTAIN BRIJESH CHOWTA,Karnataka,DAKSHINA KANNADA,147000000.0,16.0,5644318.0,21.0,10155152.0,7764744.0,2390408.0,0.0,0.0,0.0,10155152.0,136844848.0,6.91
PRIYANKA SATISH JARKIHOLI,Karnataka,CHIKKODI,147000000.0,0.0,0.0,15.0,5160940.0,939478.0,4221462.0,0.0,0.0,0.0,5160940.0,141839060.0,3.51
ADV K FRANCIS GEORGE,Kerala,KOTTAYAM,188722256.11,0.0,0.0,14.0,6112211.0,1822296.0,4289915.0,0.0,0.0,0.0,6112211.0,182610045.11,3.24
Adv Dean Kuriakose,Kerala,IDUKKI,147000000.0,0.0,0.0,8.0,5368783.0,1014033.0,4354750.0,0.0,0.0,0.0,5368783.0,141631217.0,3.65
Shri Suresh Kodikunnil,Kerala,MAVELIKKARA(SC),172429519.11,8.0,4929089.0,5.0,2555483.0,269113.0,2286370.0,0.0,0.0,0.0,2555483.0,169874036.11,1.48
Adv Adoor Prakash,Kerala,ATTINGAL,147000000.0,13.0,3220794.0,2.0,935062.0,0.0,935062.0,0.0,0.0,0.0,935062.0,146064938.0,0.64
K. C VENUGOPAL,Kerala,ALAPPUZHA,147000000.0,3.0,1294733.0,7.0,2053734.0,1676142.0,377592.0,0.0,0.0,0.0,2053734.0,144946266.0,1.4
SHAFI PARAMBIL,Kerala,VADAKARA,147000000.0,0.0,0.0,7.0,2115789.0,0.0,2115789.0,0.0,2.0,5000000.0,7115789.0,139884211.0,4.84
K RADHAKRISHNAN,Kerala,ALATHUR(SC),147000000.0,1.0,1206976.0,3.0,4931950.0,0.0,4931950.0,0.0,1.0,2500000.0,7431950.0,139568050.0,5.06
Dr Shashi Tharoor,Kerala,THIRUVANANTHAPURAM,147000000.0,4.0,4336328.0,7.0,4461083.0,0.0,4461083.0,0.0,0.0,0.0,4461083.0,142538917.0,3.03
Vellalath Kochukrishnan Nair Sreekandan,Kerala,PALAKKAD,167807990.11,0.0,0.0,21.0,13113828.0,617741.0,12496087.0,0.0,0.0,0.0,13113828.0,154694162.11,7.81
Shri NK Premachandran,Kerala,KOLLAM,171477994.11,14.0,11618132.0,9.0,5425581.0,891500.0,4534081.0,0.0,2.0,2000000.0,7425581.0,164052413.11,4.33
DR. M.P ABDUSSAMAD SAMADANI,Kerala,PONNANI,170434031.11,0.0,0.0,13.0,3981967.0,719463.0,3262504.0,0.0,0.0,0.0,3981967.0,166452064.11,2.34
Shri Hibi Eden,Kerala,ERNAKULAM,162177260.11,0.0,0.0,2.0,1018722.0,0.0,1018722.0,0.0,0.0,0.0,1018722.0,161158538.11,0.63
Anto Antony,Kerala,PATHANAMTHITTA,147000000.0,2.0,511997.0,2.0,801857.0,0.0,801857.0,0.0,0.0,0.0,801857.0,146198143.0,0.55
Priyanka Gandhi Vadra,Kerala,WAYANAD,122500000.0,1.0,1798176.0,5.0,2337910.0,357247.0,1980663.0,0.0,0.0,0.0,2337910.0,120162090.0,1.91
SURESH GOPI,Kerala,THRISSUR,147000000.0,0.0,0.0,1.0,1156605.0,0.0,1156605.0,0.0,0.0,0.0,1156605.0,145843395.0,0.79
Shri Kumbakudi Sudhakaran,Kerala,KANNUR,147000000.0,1.0,2541665.0,8.0,1921605.0,660000.0,1261605.0,0.0,0.0,0.0,1921605.0,145078395.0,1.31
Shri M K Raghavan,Kerala,KOZHIKODE,147000000.0,0.0,0.0,4.0,1760827.0,856033.0,904794.0,0.0,0.0,0.0,1760827.0,145239173.0,1.2
E.T. MOHAMMED BASHEER,Kerala,MALAPPURAM,163895872.11,0.0,0.0,14.0,2428449.0,179351.0,2249098.0,0.0,0.0,0.0,2428449.0,161467423.11,1.48
Shri Benny Behanan,Kerala,CHALAKUDY,164674770.11,0.0,0.0,7.0,3716376.0,729426.0,2986950.0,0.0,0.0,0.0,3716376.0,160958394.11,2.26
Shri Rajmohan Unnithan,Kerala,KASARAGOD,156754633.11,1.0,299154.0,10.0,1299784.0,1299784.0,0.0,0.0,0.0,0.0,1299784.0,155454849.11,0.83
Mohamed Haneefa,Ladakh,LADAKH,161114542.0,0.0,0.0,1.0,650000.0,0.0,650000.0,0.0,0.0,0.0,650000.0,160464542.0,0.4
MUHAMMED HAMDULLAH SAYEED,Lakshadweep,LAKSHADWEEP(ST),153942460.41,0.0,0.0,3.0,1473975.0,0.0,1473975.0,0.0,0.0,0.0,1473975.0,152468485.41,0.96
BHARTI PARDHI,Madhya Pradesh,BALAGHAT,154398389.01,32.0,22377937.0,7.0,308872.0,276078.0,32794.0,0.0,0.0,0.0,308872.0,154089517.01,0.2
ANITA NAGARSINGH CHOUHAN,Madhya Pradesh,RATLAM(ST),147000000.0,22.0,13729920.0,3.0,2471133.0,268562.0,2202571.0,0.0,0.0,0.0,2471133.0,144528867.0,1.68
Shri Sudheer Gupta,Madhya Pradesh,MANDSOUR,148988014.83,55.0,6894846.0,4.0,749246.0,90000.0,659246.0,0.0,0.0,0.0,749246.0,148238768.83,0.5
Mahendra Singh Solanky,Madhya Pradesh,DEWAS(SC),147000000.0,1.0,1000000.0,3.0,1550294.0,600000.0,950294.0,0.0,0.0,0.0,1550294.0,145449706.0,1.05
Shankar Lalwani,Madhya Pradesh,INDORE,147000000.0,65.0,22920505.0,2.0,451215.0,0.0,451215.0,0.0,0.0,0.0,451215.0,146548785.0,0.31
Vishnu Dutt Sharma,Madhya Pradesh,KHAJURAHO,147000000.0,3.0,4909947.0,17.0,5320000.0,1000000.0,4320000.0,0.0,0.0,0.0,5320000.0,141680000.0,3.62
SHIVMANGAL SINGH TOMAR,Madhya Pradesh,MORENA,147000000.0,28.0,7818529.0,0.0,0.0,0.0,0.0,0.0,0.0,0.0,0.0,147000000.0,0.0
SHIVRAJ SINGH CHOUHAN,Madhya Pradesh,VIDISHA,147000000.0,8.0,4693125.0,1.0,250000.0,0.0,250000.0,0.0,0.0,0.0,250000.0,146750000.0,0.17
ASHISH DUBEY,Madhya Pradesh,JABALPUR,147000000.0,0.0,0.0,6.0,1881997.0,0.0,1881997.0,0.0,0.0,0.0,1881997.0,145118003.0,1.28
Shri Anil Firojiya,Madhya Pradesh,UJJAIN(SC),147000000.0,47.0,15356740.0,6.0,3392640.0,2992640.0,400000.0,0.0,0.0,0.0,3392640.0,143607360.0,2.31
Virendra Kumar,Madhya Pradesh,TIKAMGARH(SC),147000000.0,5.0,2635000.0,11.0,5260792.0,4516210.0,744582.0,0.0,0.0,0.0,5260792.0,141739208.0,3.58
BHARAT SINGH KUSHWAH,Madhya Pradesh,GWALIOR,151455276.04,0.0,0.0,23.0,6100989.0,750000.0,5350989.0,0.0,0.0,0.0,6100989.0,145354287.04,4.03
SAVITRI THAKUR,Madhya Pradesh,DHAR(ST),147000000.0,80.0,30557824.0,22.0,3504065.0,3154065.0,350000.0,0.0,0.0,0.0,3504065.0,143495935.0,2.38
Ganesh Singh,Madhya Pradesh,SATNA,147000000.0,4.0,990272.0,61.0,11938438.0,100000.0,11838438.0,0.0,0.0,0.0,11938438.0,135061562.0,8.12
DARSHAN SINGH CHOUDHARY,Madhya Pradesh,HOSHANGABAD,147000000.0,40.0,3905000.0,33.0,3244833.0,991813.0,2253020.0,0.0,0.0,0.0,3244833.0,143755167.0,2.21
ALOK SHARMA,Madhya Pradesh,BHOPAL,147000000.0,11.0,6080980.0,6.0,6700000.0,0.0,6700000.0,0.0,0.0,0.0,6700000.0,140300000.0,4.56
Smt Himadri Singh,Madhya Pradesh,SHAHDOL (ST),150724861.11,21.0,15726252.0,22.0,5003035.0,3053035.0,1950000.0,0.0,0.0,0.0,5003035.0,145721826.11,3.32
DR. LATA WANKHEDE,Madhya Pradesh,SAGAR,147000000.0,55.0,41429890.0,10.0,2345157.0,1205000.0,1140157.0,0.0,0.0,0.0,2345157.0,144654843.0,1.6
Rodmal Nagar,Madhya Pradesh,RAJGARH,147000000.0,30.0,31047229.0,2.0,850000.0,0.0,850000.0,0.0,0.0,0.0,850000.0,146150000.0,0.58
JYOTIRADITYA M. SCINDIA,Madhya Pradesh,GUNA,147000000.0,36.0,34618691.0,0.0,0.0,0.0,0.0,0.0,0.0,0.0,0.0,147000000.0,0.0
BUNTY VIVEK SAHU,Madhya Pradesh,CHHINDWARA,147000000.0,75.0,13274130.0,9.0,3249917.0,1699917.0,1550000.0,0.0,0.0,0.0,3249917.0,143750083.0,2.21
DR. RAJESH MISHRA,Madhya Pradesh,SIDHI,262724510.35,139.0,89555795.0,30.0,3919731.0,2627693.0,1292038.0,0.0,0.0,0.0,3919731.0,258804779.35,1.49
RAHUL SINGH LODHI,Madhya Pradesh,DAMOH,163058785.37,58.0,15533631.0,6.0,2181149.0,1000000.0,1181149.0,0.0,0.0,0.0,2181149.0,160877636.37,1.34
Gyaneshwar Patil,Madhya Pradesh,KHANDWA,155690684.77,66.0,16637707.0,25.0,2974100.0,150000.0,2824100.0,0.0,0.0,0.0,2974100.0,152716584.77,1.91
Smt Sandhya Ray,Madhya Pradesh,BHIND(SC),147000000.0,0.0,0.0,0.0,0.0,0.0,0.0,0.0,0.0,0.0,0.0,147000000.0,0.0
Faggan Singh Kulaste,Madhya Pradesh,MANDLA(ST),151861648.41,23.0,12191480.0,45.0,10071140.0,562500.0,9508640.0,0.0,0.0,0.0,10071140.0,141790508.41,6.63
Gajendra Singh Patel,Madhya Pradesh,KHARGONE(ST),147000000.0,91.0,22918271.0,3.0,749254.0,249254.0,500000.0,0.0,0.0,0.0,749254.0,146250746.0,0.51
Durga Das Uikey,Madhya Pradesh,BETUL(ST),151569502.91,47.0,12515900.0,7.0,2571725.0,2074844.0,496881.0,0.0,0.0,0.0,2571725.0,148997777.91,1.7
Janardan Mishra,Madhya Pradesh,REWA,147000000.0,1.0,1125327.0,2.0,675000.0,0.0,675000.0,0.0,0.0,0.0,675000.0,146325000.0,0.46
Smt Supriya Sadanand Sule,Maharashtra,BARAMATI,147000000.0,0.0,0.0,12.0,9362994.0,2995224.0,6367770.0,0.0,0.0,0.0,9362994.0,137637006.0,6.37
Piyush Vedprakash Goyal,Maharashtra,MUMBAI NORTH,147000000.0,0.0,0.0,5.0,10391426.0,7993929.0,2397497.0,0.0,0.0,0.0,10391426.0,136608574.0,7.07
Shrikant Eknath Shinde,Maharashtra,KALYAN,147000000.0,0.0,0.0,0.0,0.0,0.0,0.0,0.0,0.0,0.0,0.0,147000000.0,0.0
RAJABHAU,Maharashtra,NASHIK,152878682.11,0.0,0.0,10.0,9598507.0,2963005.0,6635502.0,0.0,0.0,0.0,9598507.0,143280175.11,6.28
Prataprao Jadhav,Maharashtra,BULDHANA,147000000.0,0.0,0.0,0.0,0.0,0.0,0.0,0.0,0.0,0.0,0.0,147000000.0,0.0
Sunil Dattatray Tatkare,Maharashtra,RAIGAD,147000000.0,7.0,9991072.0,2.0,1246000.0,746000.0,500000.0,0.0,0.0,0.0,1246000.0,145754000.0,0.85
Shyamkumar,Maharashtra,RAMTEK(SC),147000000.0,0.0,0.0,4.0,3663116.0,494872.0,3168244.0,0.0,0.0,0.0,3663116.0,143336884.0,2.49
Smt Raksha Nikhil Khadse,Maharashtra,RAVER,153112586.11,1.0,2974718.0,0.0,0.0,0.0,0.0,0.0,0.0,0.0,0.0,153112586.11,0.0
NARAYAN TATU RANE,Maharashtra,RATNAGIRI-SINDHUDURG,147000000.0,0.0,0.0,4.0,2549728.0,0.0,2549728.0,0.0,0.0,0.0,2549728.0,144450272.0,1.73
Shrirang Appa Barne,Maharashtra,MAVAL,147000000.0,7.0,6976030.0,2.0,1000000.0,500000.0,500000.0,0.0,0.0,0.0,1000000.0,146000000.0,0.68
NARESH GANPAT MHASKE,Maharashtra,THANE,147000000.0,0.0,0.0,0.0,0.0,0.0,0.0,0.0,0.0,0.0,0.0,147000000.0,0.0
SMITA UDAY WAGH,Maharashtra,JALGAON,148107373.11,6.0,9341109.0,0.0,0.0,0.0,0.0,0.0,0.0,0.0,0.0,148107373.11,0.0
NILESH DNYANDEV LANKE,Maharashtra,AHMEDNAGAR,147000000.0,1.0,974340.0,4.0,5948131.0,0.0,5948131.0,0.0,0.0,0.0,5948131.0,141051869.0,4.05
PRANITI SUSHILKUMAR SHINDE,Maharashtra,SOLAPUR(SC),147000000.0,0.0,0.0,7.0,6941644.0,0.0,6941644.0,0.0,0.0,0.0,6941644.0,140058356.0,4.72
SHRIMANT CHH UDAYANRAJE PRATAPSINHAMAHARAJ BHONSLE,Maharashtra,SATARA,147000000.0,0.0,0.0,6.0,4599549.0,497769.0,4101780.0,0.0,0.0,0.0,4599549.0,142400451.0,3.13
MURLIDHAR MOHOL,Maharashtra,PUNE,147000000.0,0.0,0.0,4.0,3982771.0,0.0,3982771.0,0.0,0.0,0.0,3982771.0,143017229.0,2.71
Nitin Jairam Gadkari,Maharashtra,NAGPUR,168195086.11,9.0,7131928.0,10.0,9533076.0,4378769.0,5154307.0,0.0,0.0,0.0,9533076.0,158662010.11,5.67
SANJAY DINA PATIL,Maharashtra,MUMBAI NORTH EAST,147000000.0,0.0,0.0,2.0,4395727.0,2597093.0,1798634.0,0.0,0.0,0.0,4395727.0,142604273.0,2.99
MOHITE PATIL DHAIRYASHEEL RAJSINH,Maharashtra,MADHA,195613601.7,0.0,0.0,0.0,0.0,0.0,0.0,0.0,0.0,0.0,0.0,195613601.7,0.0
Ravindra Vasantrao Chavan,Maharashtra,NANDED,147000000.0,0.0,0.0,23.0,19772981.0,3180949.0,16592032.0,0.0,0.0,0.0,19772981.0,127227019.0,13.45
RAVINDRA DATTARAM WAIKAR,Maharashtra,MUMBAI NORTH WEST,147000000.0,0.0,0.0,7.0,14588468.0,5996584.0,8591884.0,0.0,0.0,0.0,14588468.0,132411532.0,9.92
Omprakash Bhupalsinh Alias Pawan Rajenimbalkar,Maharashtra,OSMANABAD,184758519.11,2.0,800000.0,7.0,4838642.0,3053275.0,1785367.0,0.0,0.0,0.0,4838642.0,179919877.11,2.62
Sanjay Haribhau Jadhav,Maharashtra,PARBHANI,147000000.0,15.0,12084035.0,1.0,699900.0,0.0,699900.0,0.0,0.0,0.0,699900.0,146300100.0,0.48
Sanjay Uttamrao Deshmukh,Maharashtra,YAVATMAL-WASHIM,185640423.0,0.0,0.0,8.0,5157991.0,0.0,5157991.0,0.0,0.0,0.0,5157991.0,180482432.0,2.78
AASHTIKAR PATIL NAGESH BAPURAO,Maharashtra,HINGOLI,190289442.0,0.0,0.0,7.0,6649838.0,0.0,6649838.0,0.0,0.0,0.0,6649838.0,183639604.0,3.49
BHASKAR MURLIDHAR BHAGARE,Maharashtra,DINDORI(ST),147000000.0,0.0,0.0,4.0,2988933.0,0.0,2988933.0,0.0,0.0,0.0,2988933.0,144011067.0,2.03
CHHATRAPATI SHAHU SHAHAJI,Maharashtra,KOLHAPUR,147000000.0,0.0,0.0,9.0,9680530.0,0.0,9680530.0,0.0,0.0,0.0,9680530.0,137319470.0,6.59
ANIL YESHWANT DESAI,Maharashtra,MUMBAI SOUTH CENTRAL,147000000.0,0.0,0.0,0.0,0.0,0.0,0.0,0.0,0.0,0.0,0.0,147000000.0,0.0
KALYAN VAIJINATHRAO KALE,Maharashtra,JALNA,147000000.0,3.0,3487442.0,6.0,5570658.0,0.0,5570658.0,0.0,0.0,0.0,5570658.0,141429342.0,3.79
ANUP SANJAY DHOTRE,Maharashtra,AKOLA,147000000.0,2.0,880171.0,15.0,11118630.0,2944372.0,8174258.0,0.0,0.0,0.0,11118630.0,135881370.0,7.56
Arvind Ganpat Sawant,Maharashtra,MUMBAI SOUTH,147000000.0,0.0,0.0,0.0,0.0,0.0,0.0,0.0,0.0,0.0,0.0,147000000.0,0.0
VISHAL,Maharashtra,SANGLI,147000000.0,1.0,987448.0,4.0,3786952.0,1794187.0,1992765.0,0.0,0.0,0.0,3786952.0,143213048.0,2.58
Amol Ramsing Kolhe,Maharashtra,SHIRUR,147000000.0,7.0,6995405.0,2.0,1915146.0,995843.0,919303.0,0.0,0.0,0.0,1915146.0,145084854.0,1.3
BACHHAV SHOBHA DINESH,Maharashtra,DHULE,147000000.0,4.0,4000000.0,7.0,6944281.0,5955115.0,989166.0,0.0,0.0,0.0,6944281.0,140055719.0,4.72
CHAVAN VASANTRAO BALWANTRAO,Maharashtra,NANDED,,0.0,0.0,0.0,0.0,0.0,0.0,0.0,0.0,0.0,0.0,,
Dhairyasheel Sambhajirao Mane,Maharashtra,HATKANANGLE,147000000.0,0.0,0.0,1.0,1000000.0,0.0,1000000.0,0.0,0.0,0.0,1000000.0,146000000.0,0.68
GAIKWAD VARSHA EKNATH,Maharashtra,MUMBAI NORTH-CENTRAL,147000000.0,0.0,0.0,3.0,5146090.0,3297495.0,1848595.0,0.0,0.0,0.0,5146090.0,141853910.0,3.5
AMAR SHARADRAO KALE,Maharashtra,WARDHA,147000000.0,0.0,0.0,3.0,2214125.0,0.0,2214125.0,0.0,0.0,0.0,2214125.0,144785875.0,1.51
BAJRANG MANOHAR SONWANE,Maharashtra,BEED,165899107.19,1.0,699468.0,7.0,6971608.0,0.0,6971608.0,0.0,0.0,0.0,6971608.0,158927499.19,4.2
BHUMARE SANDIPANRAO ASARAM,Maharashtra,AURANGABAD_MH,147000000.0,1.0,1491921.0,4.0,5473824.0,3498000.0,1975824.0,0.0,0.0,0.0,5473824.0,141526176.0,3.72
DHANORKAR PRATIBHA SURESH ALIAS BALUBHAU,Maharashtra,CHANDRAPUR,147000000.0,1.0,449205.0,8.0,10124527.0,3951468.0,6173059.0,0.0,0.0,0.0,10124527.0,136875473.0,6.89
BHAUSAHEB RAJARAM WAKCHAURE,Maharashtra,SHIRDI(SC),147000000.0,1.0,1499440.0,6.0,3115138.0,494236.0,2620902.0,0.0,0.0,0.0,3115138.0,143884862.0,2.12
BALWANT BASWANT WANKHADE,Maharashtra,AMRAVATI(SC),198293678.0,7.0,9287451.0,18.0,14414877.0,5135728.0,9279149.0,0.0,0.0,0.0,14414877.0,183878801.0,7.27
BALYA MAMA SURESH GOPINATH MHATRE,Maharashtra,BHIWANDI,147000000.0,0.0,0.0,13.0,14360182.0,7403428.0,6956754.0,0.0,0.0,0.0,14360182.0,132639818.0,9.77
ADV GOWAAL KAGADA PADAVI,Maharashtra,NANDURBAR(ST),147816309.11,0.0,0.0,189.0,32041066.0,0.0,32041066.0,0.0,0.0,0.0,32041066.0,115775243.11000001,21.68
DR. PRASHANT YADAORAO PADOLE,Maharashtra,BHANDARA-GONDIYA,159680283.39,0.0,0.0,9.0,6890076.0,696799.0,6193277.0,0.0,0.0,0.0,6890076.0,152790207.39,4.31
DR. KIRSAN NAMDEO,Maharashtra,GADCHIROLI-CHIMUR(ST),147000000.0,0.0,0.0,5.0,2744593.0,0.0,2744593.0,0.0,0.0,0.0,2744593.0,144255407.0,1.87
DR. HEMANT VISHNU SAVARA,Maharashtra,PALGHAR(ST),147000000.0,0.0,0.0,11.0,9237416.0,3859248.0,5378168.0,0.0,0.0,0.0,9237416.0,137762584.0,6.28
DR KALGE SHIVAJI BANDAPPA,Maharashtra,LATUR(SC),147000000.0,5.0,3766463.0,5.0,3585791.0,794104.0,2791687.0,0.0,0.0,0.0,3585791.0,143414209.0,2.44
ANGOMCHA BIMOL AKOIJAM,Manipur,INNER MANIPUR,147000000.0,14.0,32247094.0,0.0,0.0,0.0,0.0,0.0,0.0,0.0,0.0,147000000.0,0.0
ALFRED KANNGAM S ARTHUR,Manipur,OUTER MANIPUR(ST),147000000.0,14.0,27751963.0,0.0,0.0,0.0,0.0,0.0,0.0,0.0,0.0,147000000.0,0.0
ANDREW J. SYNGKON,Meghalaya,SHILLONG,98000000.0,27.0,9800000.0,14.0,2850000.0,925000.0,1925000.0,0.0,0.0,0.0,2850000.0,95150000.0,2.91
SALENG A SANGMA,Meghalaya,TURA,147000000.0,52.0,23750000.0,21.0,6470000.0,250000.0,6220000.0,0.0,0.0,0.0,6470000.0,140530000.0,4.4
RICHARD VANLALHMANGAIHA,Mizoram,MIZORAM (ST),147000000.0,100.0,44647115.0,6.0,4865000.0,0.0,4865000.0,0.0,0.0,0.0,4865000.0,142135000.0,3.31
S SUPONGMEREN JAMIR,Nagaland,NAGALAND,147000000.0,34.0,86300000.0,15.0,29650000.0,0.0,29650000.0,0.0,0.0,0.0,29650000.0,117350000.0,20.17
Shri Jual Oram,Odisha,SUNDARGARH (ST),173096756.91,23.0,11600000.0,31.0,7504639.0,5019120.0,2485519.0,0.0,1.0,10000000.0,17504639.0,155592117.91,10.11
AVIMANYU SETHI,Odisha,BHADRAK(SC),147000000.0,0.0,0.0,23.0,7827230.0,1709000.0,6118230.0,0.0,0.0,0.0,7827230.0,139172770.0,5.32
Shri Bhartruhari Mahtab,Odisha,CUTTACK,147000000.0,5.0,750000.0,21.0,5265034.0,80000.0,5185034.0,0.0,0.0,0.0,5265034.0,141734966.0,3.58
RUDRA NARAYAN PANY,Odisha,DHENKANAL,155013957.11,0.0,0.0,7.0,2889513.0,994184.0,1895329.0,0.0,0.0,0.0,2889513.0,152124444.11,1.86
PRADEEP PUROHIT,Odisha,BARGARH,147000000.0,0.0,0.0,16.0,3896397.0,1817319.0,2079078.0,0.0,0.0,0.0,3896397.0,143103603.0,2.65
BAIJAYANT PANDA,Odisha,KENDRAPARA,147000000.0,0.0,0.0,8.0,5298788.0,0.0,5298788.0,0.0,0.0,0.0,5298788.0,141701212.0,3.6
Pratap Chandra Sarangi,Odisha,BALASORE,147064254.11,0.0,0.0,0.0,0.0,0.0,0.0,0.0,0.0,0.0,0.0,147064254.11,0.0
SAMBIT PATRA,Odisha,PURI,147000000.0,0.0,0.0,6.0,2062683.0,0.0,2062683.0,0.0,0.0,0.0,2062683.0,144937317.0,1.4
BALABHADRA MAJHI,Odisha,NABARANGPUR(ST),147413962.11,0.0,0.0,13.0,2834903.0,0.0,2834903.0,0.0,0.0,0.0,2834903.0,144579059.11,1.92
RABINDRA NARAYAN BEHERA,Odisha,JAJPUR(SC),147064617.11,0.0,0.0,5.0,1270574.0,0.0,1270574.0,0.0,0.0,0.0,1270574.0,145794043.11,0.86
MALVIKA DEVI,Odisha,KALAHANDI,147000000.0,43.0,15898000.0,12.0,5000000.0,300000.0,4700000.0,0.0,0.0,0.0,5000000.0,142000000.0,3.4
Smt Sangeeta Kumari Singh Deo,Odisha,BOLANGIR,147000000.0,0.0,0.0,12.0,3460629.0,600000.0,2860629.0,0.0,0.0,0.0,3460629.0,143539371.0,2.35
DR. PRADEEP KUMAR PANIGRAHY,Odisha,BERHAMPUR,147000000.0,0.0,0.0,0.0,0.0,0.0,0.0,0.0,0.0,0.0,0.0,147000000.0,0.0
DHARMENDRA PRADHAN,Odisha,SAMBALPUR,147000000.0,0.0,0.0,13.0,2214713.0,1400000.0,814713.0,0.0,0.0,0.0,2214713.0,144785287.0,1.51
Saptagiri Sankar Ulaka,Odisha,KORAPUT(ST),269500000.0,20.0,5612424.0,26.0,7600000.0,1250000.0,6350000.0,0.0,0.0,0.0,7600000.0,261900000.0,2.82
SUKANTA KUMAR PANIGRAHI,Odisha,KANDHAMAL,190712424.11,31.0,15500000.0,13.0,3561300.0,300000.0,3261300.0,0.0,0.0,0.0,3561300.0,187151124.11,1.87
BIBHU PRASAD TARAI,Odisha,JAGATSINGHPUR(SC),147000000.0,0.0,0.0,24.0,8215038.0,500000.0,7715038.0,0.0,0.0,0.0,8215038.0,138784962.0,5.59
NABA CHARAN MAJHI,Odisha,MAYURBHANJ (ST),147563957.11,0.0,0.0,17.0,10139304.0,500000.0,9639304.0,0.0,0.0,0.0,10139304.0,137424653.11,6.87
ANITA SUBHADARSHINI,Odisha,ASKA,147000000.0,1.0,200000.0,9.0,3422595.0,900000.0,2522595.0,0.0,0.0,0.0,3422595.0,143577405.0,2.33
Smt Aparajita Sarangi,Odisha,BHUBANESWAR,147420861.41,3.0,2300000.0,30.0,6728790.0,100000.0,6628790.0,0.0,0.0,0.0,6728790.0,140692071.41,4.56
ANANTA NAYAK,Odisha,KEONJHAR(ST),147000000.0,1.0,300000.0,21.0,3574978.0,900000.0,2674978.0,0.0,0.0,0.0,3574978.0,143425022.0,2.43
Vaithilingam Ve,Puducherry,Puducherry,209368972.11,6.0,8943830.0,4.0,4212939.0,4212939.0,0.0,0.0,0.0,0.0,4212939.0,205156033.11,2.01
DR DHARAMVIRA GANDHI,Punjab,PATIALA,147000000.0,14.0,2528044.0,81.0,2769670.0,173920.0,2595750.0,0.0,0.0,0.0,2769670.0,144230330.0,1.88
SUKHJINDER SINGH RANDHAWA,Punjab,GURDASPUR,147000000.0,9.0,4233125.0,28.0,7332383.0,555092.0,6777291.0,0.0,0.0,0.0,7332383.0,139667617.0,4.99
MALVINDER SINGH KANG,Punjab,ANANDPUR SAHIB,147000000.0,37.0,16512412.0,79.0,7509480.0,4540633.0,2968847.0,0.0,0.0,0.0,7509480.0,139490520.0,5.11
SARABJEET SINGH KHALSA,Punjab,FARIDKOT(SC),150850348.15,137.0,30678190.0,26.0,2723605.0,1494000.0,1229605.0,0.0,0.0,0.0,2723605.0,148126743.15,1.81
CHARANJIT SINGH CHANNI,Punjab,JALANDHAR(SC),147000000.0,3.0,3535510.0,17.0,1630554.0,1101035.0,529519.0,0.0,0.0,0.0,1630554.0,145369446.0,1.11
Shri Gurjeet Singh Aujla,Punjab,AMRITSAR,147000000.0,34.0,14184044.0,23.0,5233740.0,309555.0,4924185.0,0.0,1.0,7067400.0,12301140.0,134698860.0,8.37
SHER SINGH GHUBAYA,Punjab,FIROZPUR,147000000.0,164.0,39183265.0,14.0,1098500.0,0.0,1098500.0,0.0,0.0,0.0,1098500.0,145901500.0,0.75
Shri Amar Singh,Punjab,FATEHGARH SAHIB(SC),147000000.0,1.0,1996215.0,38.0,1879765.0,222442.0,1657323.0,0.0,0.0,0.0,1879765.0,145120235.0,1.28
DR. RAJ KUMAR CHABBEWAL,Punjab,HOSHIARPUR(SC),147000000.0,38.0,14737460.0,104.0,4690268.0,254912.0,4435356.0,0.0,0.0,0.0,4690268.0,142309732.0,3.19
AMRINDER SINGH RAJA WARRING,Punjab,LUDHIANA,147000000.0,15.0,5297013.0,17.0,1070134.0,485323.0,584811.0,0.0,0.0,0.0,1070134.0,145929866.0,0.73
GURMEET SINGH MEET HAYER,Punjab,SANGRUR,147000000.0,16.0,2782450.0,67.0,4912518.0,1684694.0,3227824.0,0.0,1.0,7500000.0,12412518.0,134587482.0,8.44
Smt Harsimrat Kaur Badal,Punjab,BHATINDA,159775982.39,51.0,15160938.0,136.0,10369174.0,5534659.0,4834515.0,0.0,0.0,0.0,10369174.0,149406808.39,6.49
MURARI LAL MEENA,Rajasthan,DAUSA(ST),147000000.0,0.0,0.0,3.0,1289488.0,359000.0,930488.0,0.0,0.0,0.0,1289488.0,145710512.0,0.88
Dushyant Singh,Rajasthan,JHALAWAR-BARAN,147000000.0,0.0,0.0,18.0,401413.0,162613.0,238800.0,0.0,0.0,0.0,401413.0,146598587.0,0.27
SANJNA JATAV,Rajasthan,BHARATPUR(SC),147000000.0,58.0,28965022.1,89.0,7800011.0,2170807.0,5629204.0,0.0,0.0,0.0,7800011.0,139199989.0,5.31
MAHIMA KUMARI MEWAR,Rajasthan,RAJSAMAND,183892143.0,8.0,6772299.0,27.0,12416216.0,1432377.0,10983839.0,0.0,0.0,0.0,12416216.0,171475927.0,6.75
UMMEDA RAM BENIWAL,Rajasthan,BARMER,147000000.0,28.0,10742567.0,3.0,965374.0,667374.0,298000.0,0.0,0.0,0.0,965374.0,146034626.0,0.66
RAJ KUMAR ROAT,Rajasthan,BANSWARA(ST),147000000.0,19.0,17413443.0,5.0,607500.0,607500.0,0.0,0.0,0.0,0.0,607500.0,146392500.0,0.41
BHAJAN LAL JATAV,Rajasthan,KARAULI-DHOLPUR(SC),147000000.0,0.0,0.0,35.0,213028.0,0.0,213028.0,0.0,0.0,0.0,213028.0,146786972.0,0.14
LUMBARAM,Rajasthan,JALORE,147000000.0,20.0,15030801.0,37.0,2460631.0,255726.0,2204905.0,0.0,0.0,0.0,2460631.0,144539369.0,1.67
Rahul Kaswan,Rajasthan,CHURU,147000000.0,7.0,5255877.0,36.0,5082523.0,4205169.0,877354.0,0.0,0.0,0.0,5082523.0,141917477.0,3.46
Bhagirath Chaudhary,Rajasthan,AJMER,147000000.0,11.0,5925075.0,91.0,6187296.0,3791937.0,2395359.0,0.0,0.0,0.0,6187296.0,140812704.0,4.21
MANJU SHARMA,Rajasthan,JAIPUR,167082901.11,3.0,2054213.0,1.0,2191248.0,2191248.0,0.0,0.0,0.0,0.0,2191248.0,164891653.11,1.31
DAMODAR AGARWAL,Rajasthan,BHILWARA,147000000.0,8.0,3980382.0,168.0,8146121.0,2851506.0,5294615.0,0.0,0.0,0.0,8146121.0,138853879.0,5.54
Om Birla,Rajasthan,KOTA,163906956.6,5.0,4452314.0,21.0,1455416.0,187705.0,1267711.0,0.0,0.0,0.0,1455416.0,162451540.6,0.89
Shri PP Chaudhary,Rajasthan,PALI,147000000.0,2.0,1498790.0,21.0,638320.0,500000.0,138320.0,0.0,0.0,0.0,638320.0,146361680.0,0.43
AMRARAM,Rajasthan,SIKAR,165691544.11,24.0,12921597.0,53.0,3697749.0,1662013.0,2035736.0,0.0,0.0,0.0,3697749.0,161993795.11,2.23
Rao Rajendra Singh,Rajasthan,JAIPUR RURAL,147000000.0,0.0,0.0,3.0,2164812.0,1165092.0,999720.0,0.0,0.0,0.0,2164812.0,144835188.0,1.47
Shri Hanuman Beniwal,Rajasthan,NAGAUR,147000000.0,139.0,36306197.0,7.0,4497853.0,649412.0,3848441.0,0.0,0.0,0.0,4497853.0,142502147.0,3.06
Shri Arjun Ram Meghwal,Rajasthan,BIKANER(SC),147000000.0,5.0,7386231.0,5.0,3520998.0,2926904.0,594094.0,0.0,0.0,0.0,3520998.0,143479002.0,2.4
Chandra Prakash Joshi,Rajasthan,CHITTORGARH,147000000.0,6.0,1646423.0,1.0,319626.0,319626.0,0.0,0.0,0.0,0.0,319626.0,146680374.0,0.22
HARISH CHANDRA MEENA,Rajasthan,TONK-SAWAI MADHOPUR,147000000.0,0.0,0.0,0.0,0.0,0.0,0.0,0.0,0.0,0.0,0.0,147000000.0,0.0
BRIJENDRA SINGH OLA,Rajasthan,JHUNJHUNU,147000000.0,26.0,12651770.0,40.0,4598777.0,0.0,4598777.0,0.0,0.0,0.0,4598777.0,142401223.0,3.13
BHUPENDER YADAV,Rajasthan,ALWAR,147000000.0,13.0,16758141.0,8.0,8483224.0,353100.0,8130124.0,0.0,0.0,0.0,8483224.0,138516776.0,5.77
MANNA LAL RAWAT,Rajasthan,UDAIPUR(ST),147000000.0,19.0,23883979.0,39.0,3160333.0,3160333.0,0.0,0.0,0.0,0.0,3160333.0,143839667.0,2.15
Gajendra Singh Shekhawat,Rajasthan,JODHPUR,147000000.0,0.0,0.0,0.0,0.0,0.0,0.0,0.0,0.0,0.0,0.0,147000000.0,0.0
KULDEEP INDORA,Rajasthan,GANGANAGAR(SC),147000000.0,0.0,0.0,34.0,1937077.0,940701.0,996376.0,0.0,0.0,0.0,1937077.0,145062923.0,1.32
Indra Hang Subba,Sikkim,SIKKIM,152003923.11,20.0,45817577.0,2.0,722414.0,0.0,722414.0,0.0,0.0,0.0,722414.0,151281509.11,0.48
D Ravikumar,Tamil Nadu,VILUPPURAM(SC),197598306.11,72.0,35516723.0,2.0,494286.0,494286.0,0.0,0.0,0.0,0.0,494286.0,197104020.11,0.25
S Venkatesan,Tamil Nadu,MADURAI,147000000.0,1.0,2500000.0,10.0,9359878.0,2143414.0,7216464.0,0.0,0.0,0.0,9359878.0,137640122.0,6.37
SELVAGANAPATHI T M,Tamil Nadu,SALEM,147000000.0,0.0,0.0,2.0,4244214.0,0.0,4244214.0,0.0,0.0,0.0,4244214.0,142755786.0,2.89
ROBERT BRUCE C,Tamil Nadu,TIRUNELVELI,147475440.11,1.0,2499655.0,6.0,8649310.0,2195066.0,6454244.0,0.0,0.0,0.0,8649310.0,138826130.11,5.86
T Sumathy (A) Thamizhachi Thangapandian,Tamil Nadu,CHENNAI SOUTH,147000000.0,0.0,0.0,0.0,0.0,0.0,0.0,0.0,0.0,0.0,0.0,147000000.0,0.0
Sasikanth Senthil,Tamil Nadu,TIRUVALLUR(SC),171500000.0,8.0,5951250.0,17.0,12662311.0,300000.0,12362311.0,0.0,0.0,0.0,12662311.0,158837689.0,7.38
CN Annadurai,Tamil Nadu,TIRUVANNAMALAI,148579509.11,43.0,16469937.0,6.0,3426837.0,0.0,3426837.0,0.0,0.0,0.0,3426837.0,145152672.11,2.31
SELVARAJ V,Tamil Nadu,NAGAPATTINAM(SC),147000000.0,1.0,1099773.0,9.0,9738170.0,0.0,9738170.0,0.0,0.0,0.0,9738170.0,137261830.0,6.62
S. Jagathrakshakan,Tamil Nadu,ARAKKONAM,180589332.34,13.0,11794789.0,18.0,12599710.0,399772.0,12199938.0,0.0,0.0,0.0,12599710.0,167989622.34,6.98
SACHITHANANTHAM R,Tamil Nadu,DINDIGUL,147000000.0,11.0,15536863.0,8.0,13893151.0,1969091.0,11924060.0,0.0,0.0,0.0,13893151.0,133106849.0,9.45
D M Kathir Anand,Tamil Nadu,VELLORE,160196941.11,0.0,0.0,8.0,8397586.0,1084752.0,7312834.0,0.0,0.0,0.0,8397586.0,151799355.11,5.24
M.K. VISHNUPRASAD,Tamil Nadu,CUDDALORE,147000000.0,19.0,16854545.0,3.0,5586728.0,0.0,5586728.0,0.0,0.0,0.0,5586728.0,141413272.0,3.8
DURAI VAIKO,Tamil Nadu,TIRUCHIRAPPALLI,147000000.0,4.0,2549639.0,8.0,8970490.0,569826.0,8400664.0,0.0,0.0,0.0,8970490.0,138029510.0,6.1
SUDHA R,Tamil Nadu,MAYILADUTHURAI,147332315.11,2.0,798591.0,19.0,14117874.0,10759822.0,3358052.0,0.0,0.0,0.0,14117874.0,133214441.11000001,9.58
MALAIYARASAN D,Tamil Nadu,KALLAKURICHI,201599593.0,53.0,38437934.0,0.0,0.0,0.0,0.0,0.0,0.0,0.0,0.0,201599593.0,0.0
MANI. A.,Tamil Nadu,DHARAMAPURI,164515071.11,7.0,7928720.0,17.0,10285792.0,4789106.0,5496686.0,0.0,0.0,0.0,10285792.0,154229279.11,6.25
Manickam Tagore B,Tamil Nadu,VIRUDHUNAGAR,147000000.0,7.0,8668959.0,6.0,6315952.0,0.0,6315952.0,0.0,0.0,0.0,6315952.0,140684048.0,4.3
Smt S Jothimani,Tamil Nadu,KARUR,147000000.0,7.0,4531175.0,4.0,1394652.0,1394652.0,0.0,0.0,0.0,0.0,1394652.0,145605348.0,0.95
Andimuthu Raja,Tamil Nadu,NILGIRIS(SC),147000000.0,5.0,4298314.0,13.0,11713800.0,0.0,11713800.0,0.0,1.0,2500000.0,14213800.0,132786200.0,9.67
V S Matheswaran,Tamil Nadu,NAMAKKAL,162539930.11,21.0,16574338.0,3.0,2397501.0,0.0,2397501.0,0.0,0.0,0.0,2397501.0,160142429.11,1.48
Kanimozhi Karunanidhi,Tamil Nadu,THOOTHUKKUDI,147000000.0,3.0,4698676.0,6.0,10259115.0,3000000.0,7259115.0,0.0,0.0,0.0,10259115.0,136740885.0,6.98
Kani K Navas,Tamil Nadu,RAMANATHAPURAM,147000000.0,3.0,2598822.0,9.0,8566346.0,500000.0,8066346.0,0.0,0.0,0.0,8566346.0,138433654.0,5.83
MURASOLI S,Tamil Nadu,THANJAVUR,147000000.0,20.0,26906527.0,5.0,5356695.0,3057000.0,2299695.0,0.0,0.0,0.0,5356695.0,141643305.0,3.64
Shri vijayakumar Vasanth,Tamil Nadu,KANNIYAKUMARI,171500000.0,0.0,0.0,7.0,7756391.0,0.0,7756391.0,0.0,0.0,0.0,7756391.0,163743609.0,4.52
Kalanidhi Veeraswamy,Tamil Nadu,CHENNAI NORTH,171500000.0,0.0,0.0,7.0,14851493.0,0.0,14851493.0,0.0,0.0,0.0,14851493.0,156648507.0,8.66
ARUN NEHRU,Tamil Nadu,PERAMBALUR,147000000.0,7.0,9054537.0,4.0,5267430.0,2408025.0,2859405.0,0.0,0.0,0.0,5267430.0,141732570.0,3.58
DR RANI SRI KUMAR,Tamil Nadu,TENKASI(SC),153060922.82,31.0,31362489.0,0.0,0.0,0.0,0.0,0.0,0.0,0.0,0.0,153060922.82,0.0
Ganesan Selvam,Tamil Nadu,KANCHEEPURAM(SC),186508749.11,31.0,15466357.0,8.0,9985808.0,0.0,9985808.0,0.0,0.0,0.0,9985808.0,176522941.11,5.35
GOPINATH K,Tamil Nadu,KRISHNAGIRI,147000000.0,0.0,0.0,7.0,4683793.0,0.0,4683793.0,0.0,0.0,0.0,4683793.0,142316207.0,3.19
K E PRAKASH,Tamil Nadu,ERODE,147000000.0,31.0,21116844.0,3.0,3040000.0,400000.0,2640000.0,0.0,0.0,0.0,3040000.0,143960000.0,2.07
Thalikkottai Rajuthevar Baalu,Tamil Nadu,SRIPERUMBUDUR,196905535.11,3.0,11397373.0,13.0,14315084.0,1594840.0,12720244.0,0.0,0.0,0.0,14315084.0,182590451.11,7.27
Shri Karti P Chidambaram,Tamil Nadu,SIVAGANGA,159049284.11,16.0,6095445.0,3.0,3474534.0,0.0,3474534.0,0.0,0.0,0.0,3474534.0,155574750.11,2.18
Thirumaa Valavan Thol,Tamil Nadu,CHIDAMBARAM(SC),147000000.0,2.0,2848456.0,6.0,4877025.0,0.0,4877025.0,0.0,0.0,0.0,4877025.0,142122975.0,3.32
Thiru Dayanidhi Maran,Tamil Nadu,CHENNAI CENTRAL,147000000.0,0.0,0.0,1.0,4909657.0,0.0,4909657.0,0.0,0.0,0.0,4909657.0,142090343.0,3.34
K Subbarayan,Tamil Nadu,TIRUPPUR,147000000.0,18.0,17084267.0,8.0,11637562.0,0.0,11637562.0,0.0,0.0,0.0,11637562.0,135362438.0,7.92
GANAPATHY RAJKUMAR P,Tamil Nadu,COIMBATORE,147370490.11,0.0,0.0,6.0,6978208.0,1399393.0,5578815.0,0.0,0.0,0.0,6978208.0,140392282.11,4.74
THARANIVENTHAN M S,Tamil Nadu,ARANI,168337124.35,68.0,32343726.0,6.0,4124340.0,0.0,4124340.0,0.0,0.0,0.0,4124340.0,164212784.35,2.45
THANGA TAMILSELVAN,Tamil Nadu,THENI,167755939.81,0.0,0.0,11.0,13686643.0,6100288.0,7586355.0,0.0,0.0,0.0,13686643.0,154069296.81,8.16
ESWARASAMY K,Tamil Nadu,POLLACHI,162315106.11,4.0,2209456.0,5.0,7511168.0,0.0,7511168.0,0.0,0.0,0.0,7511168.0,154803938.11,4.63
BALRAM NAIK PORIKA,Telangana,MAHABUBABAD,147000000.0,11.0,6060235.0,14.0,5943758.0,290676.0,5653082.0,0.0,0.0,0.0,5943758.0,141056242.0,4.04
SURESH KUMAR SHETKAR,Telangana,ZAHIRABAD,147000000.0,0.0,0.0,33.0,10342972.0,3986625.0,6356347.0,0.0,0.0,0.0,10342972.0,136657028.0,7.04
CHAMALA KIRAN KUMAR REDDY,Telangana,BHONGIR,147000000.0,329.0,36621333.0,5.0,2497450.0,0.0,2497450.0,0.0,0.0,0.0,2497450.0,144502550.0,1.7
Asaduddin Owaisi,Telangana,HYDERABAD,147000000.0,0.0,0.0,0.0,0.0,0.0,0.0,0.0,0.0,0.0,0.0,147000000.0,0.0
ARUNA. D. K,Telangana,MAHABUBNAGAR,147000000.0,36.0,8845886.0,7.0,3885961.0,0.0,3885961.0,0.0,0.0,0.0,3885961.0,143114039.0,2.64
Sanjay Kumar Bandi,Telangana,KARIMNAGAR,172775317.11,14.0,1477627.0,8.0,2532391.0,0.0,2532391.0,0.0,0.0,0.0,2532391.0,170242926.11,1.47
Arvind Dharmapuri,Telangana,NIZAMABAD,281396355.11,275.0,90651457.0,10.0,3055220.0,0.0,3055220.0,0.0,0.0,0.0,3055220.0,278341135.11,1.09
KONDA VISHWESHWAR REDDY,Telangana,CHELVELLA,233721420.96,31.0,9043824.0,10.0,4032743.0,676218.0,3356525.0,0.0,0.0,0.0,4032743.0,229688677.96,1.73
RAMASAHAYAM RAGHURAM REDDY,Telangana,KHAMMAM,147000000.0,0.0,0.0,12.0,5402622.0,566986.0,4835636.0,0.0,0.0,0.0,5402622.0,141597378.0,3.68
DR.MALLU RAVI,Telangana,NAGARKURNOOL(SC),147000000.0,7.0,2577992.0,4.0,2768579.0,1791758.0,976821.0,0.0,0.0,0.0,2768579.0,144231421.0,1.88
KUNDURU RAGHUVEER,Telangana,NALGONDA,162952022.0,0.0,0.0,0.0,0.0,0.0,0.0,0.0,0.0,0.0,0.0,162952022.0,0.0
KADIYAM KAVYA,Telangana,WARANGEL(SC),147000000.0,2.0,476498.0,11.0,5039888.0,0.0,5039888.0,0.0,0.0,0.0,5039888.0,141960112.0,3.43
VAMSI KRISHNA GADDAM,Telangana,PEDDAPALLE,148451721.11,0.0,0.0,2.0,999768.0,0.0,999768.0,0.0,0.0,0.0,999768.0,147451953.11,0.67
Kishan Reddy Gangapuram,Telangana,SECUNDERABAD,147000000.0,0.0,0.0,5.0,5422994.0,1068672.0,4354322.0,0.0,0.0,0.0,5422994.0,141577006.0,3.69
GODAM NAGESH,Telangana,ADILABAD(ST),147000000.0,0.0,0.0,8.0,3075882.0,499597.0,2576285.0,0.0,0.0,0.0,3075882.0,143924118.0,2.09
MADHAVANENI RAGHUNANDAN RAO,Telangana,MEDAK,147000000.0,5.0,2488604.0,3.0,2923011.0,0.0,2923011.0,0.0,0.0,0.0,2923011.0,144076989.0,1.99
EATALA RAJENDER,Telangana,MALKAJGIRI,327477390.86,3.0,712801.0,10.0,4573097.0,1990603.0,2582494.0,0.0,0.0,0.0,4573097.0,322904293.86,1.4
Kalaben Mohanbhai Delkar,The Dadra And Nagar Haveli And Daman And Diu,DADRA & NAGAR HAVELI (ST),269500000.0,0.0,0.0,0.0,0.0,0.0,0.0,0.0,0.0,0.0,0.0,269500000.0,0.0
PATEL UMESHBHAI BABUBHAI,The Dadra And Nagar Haveli And Daman And Diu,DAMAN and DIU,245063957.0,0.0,0.0,0.0,0.0,0.0,0.0,0.0,0.0,0.0,0.0,245063957.0,0.0
KRITI DEVI DEBBARMAN,Tripura,TRIPURA EAST(ST),147000000.0,0.0,0.0,6.0,14311480.0,0.0,14311480.0,0.0,0.0,0.0,14311480.0,132688520.0,9.74
BIPLAB KUMAR DEB,Tripura,TRIPURA WEST,147000000.0,0.0,0.0,6.0,3601507.0,0.0,3601507.0,0.0,1.0,2500000.0,6101507.0,140898493.0,4.15
Kamlesh Paswan,Uttar Pradesh,BANSGAON(SC),147000000.0,0.0,0.0,16.0,11564300.0,6781524.0,4782776.0,0.0,0.0,0.0,11564300.0,135435700.0,7.87
Mukesh Rajput,Uttar Pradesh,FARRUKHABAD,147000000.0,155.0,44140192.0,0.0,0.0,0.0,0.0,0.0,0.0,0.0,0.0,147000000.0,0.0
NARAYAN DAS AHIRWAR,Uttar Pradesh,JALAUN(SC),147000000.0,20.0,4777432.800000001,25.0,4315587.0,4315587.0,0.0,0.0,0.0,0.0,4315587.0,142684413.0,2.94
ANOOP PRADHAN BALMIKI,Uttar Pradesh,HATHRAS (SC),147000000.0,33.0,47446589.0,0.0,0.0,0.0,0.0,0.0,0.0,0.0,0.0,147000000.0,0.0
SANATAN PANDEY,Uttar Pradesh,BALLIA,180420041.4,18.0,12878226.0,2.0,416409.0,416409.0,0.0,0.0,0.0,0.0,416409.0,180003632.4,0.23
Anurag Sharma,Uttar Pradesh,JHANSI,147000000.0,17.0,11196398.0,11.0,2308020.0,811177.0,1496843.0,0.0,0.0,0.0,2308020.0,144691980.0,1.57
KANWAR SINGH TANWAR,Uttar Pradesh,AMROHA,147000000.0,35.0,39443486.0,0.0,0.0,0.0,0.0,0.0,0.0,0.0,0.0,147000000.0,0.0
ARUN GOVIL,Uttar Pradesh,MEERUT,147000000.0,34.0,25126598.0,4.0,1766369.0,1557569.0,208800.0,0.0,0.0,0.0,1766369.0,145233631.0,1.2
Shri Satish Kumar Gautam,Uttar Pradesh,ALIGARH,147000000.0,5.0,5048589.0,0.0,0.0,0.0,0.0,0.0,0.0,0.0,0.0,147000000.0,0.0
NEERAJ MAURYA,Uttar Pradesh,AONLA,147000000.0,3.0,69875200.0,2.0,930275.0,0.0,930275.0,0.0,0.0,0.0,930275.0,146069725.0,0.63
Shri Narendra Modi,Uttar Pradesh,VARANASI,162070276.11,41.0,15795351.0,41.0,19592287.0,16177287.0,3415000.0,0.0,0.0,0.0,19592287.0,142477989.11,12.09
JITIN PRASADA,Uttar Pradesh,PILIBHIT,147000000.0,0.0,0.0,2.0,1378381.0,1378381.0,0.0,0.0,0.0,0.0,1378381.0,145621619.0,0.94
NARESH CHANDRA UTTAM PATEL,Uttar Pradesh,FATEHPUR,147000000.0,0.0,0.0,12.0,6695865.0,5655465.0,1040400.0,0.0,0.0,0.0,6695865.0,140304135.0,4.56
KARAN BHUSHAN SINGH,Uttar Pradesh,KAISERGANJ,147000000.0,16.0,22893876.0,2.0,2580018.0,2280018.0,300000.0,0.0,0.0,0.0,2580018.0,144419982.0,1.76
ANAND KUMAR,Uttar Pradesh,BAHRAICH(SC),147000000.0,30.0,37917124.0,0.0,0.0,0.0,0.0,0.0,0.0,0.0,0.0,147000000.0,0.0
UTKARSH VERMA MADHUR,Uttar Pradesh,KHERI,147000000.0,126.0,27553804.0,0.0,0.0,0.0,0.0,0.0,0.0,0.0,0.0,147000000.0,0.0
LAXMIKANT PAPPU NISHAD,Uttar Pradesh,SANT KABIR NAGAR,147000000.0,1.0,1000000.0,31.0,22208040.0,21751540.0,456500.0,0.0,0.0,0.0,22208040.0,124791960.0,15.11
ADITYA YADAV,Uttar Pradesh,BADAUN,147000000.0,13.0,9509429.0,21.0,5503015.0,5503015.0,0.0,0.0,0.0,0.0,5503015.0,141496985.0,3.74
Mahesh Sharma,Uttar Pradesh,GAUTAM BUDDHA NAGAR,148816284.11,51.0,44005367.0,5.0,4878618.0,3263659.0,1614959.0,0.0,0.0,0.0,4878618.0,143937666.11,3.28
ZIA UR REHMAN,Uttar Pradesh,SAMBHAL,147000000.0,0.0,0.0,0.0,0.0,0.0,0.0,0.0,0.0,0.0,0.0,147000000.0,0.0
AFZAL ANSARI,Uttar Pradesh,GHAZIPUR,220500000.0,19.0,25062440.0,3.0,967828.0,0.0,967828.0,0.0,0.0,0.0,967828.0,219532172.0,0.44
AJENDRA SINGH LODHI,Uttar Pradesh,HAMIRPUR_UP,147000000.0,7.0,10008873.0,20.0,7377631.0,5926673.0,1450958.0,0.0,0.0,0.0,7377631.0,139622369.0,5.02
AKHILESH YADAV,Uttar Pradesh,KANNAUJ,147000000.0,1.0,1689758.0,18.0,7681602.0,4882770.0,2798832.0,0.0,0.0,0.0,7681602.0,139318398.0,5.23
AKSHAYA YADAV,Uttar Pradesh,FIROZABAD,147000000.0,20.0,48853717.0,0.0,0.0,0.0,0.0,0.0,0.0,0.0,0.0,147000000.0,0.0
MOHIBBULLAH,Uttar Pradesh,RAMPUR,147000000.0,85.0,25324481.0,99.0,17238771.0,0.0,17238771.0,0.0,0.0,0.0,17238771.0,129761229.0,11.73
UJJWAL RAMAN SINGH,Uttar Pradesh,ALLAHABAD,147000000.0,0.0,0.0,9.0,5485285.0,3190707.0,2294578.0,0.0,0.0,0.0,5485285.0,141514715.0,3.73
KRISHNA DEVI SHIVSHANKER PATEL,Uttar Pradesh,BANDA,147000000.0,181.0,41668418.12,32.0,5186581.0,3171423.0,2015158.0,0.0,0.0,0.0,5186581.0,141813419.0,3.53
KISHORI LAL,Uttar Pradesh,AMETHI,171500000.0,4.0,3858883.0,12.0,7467102.0,2150731.0,5316371.0,0.0,0.0,0.0,7467102.0,164032898.0,4.35
Smt Hema Malini,Uttar Pradesh,MATHURA,147000000.0,13.0,17454185.0,3.0,1558300.0,0.0,1558300.0,0.0,0.0,0.0,1558300.0,145441700.0,1.06
Smt Dimple Yadav,Uttar Pradesh,MAINPURI,192042469.11,0.0,0.0,24.0,548630.0,548630.0,0.0,0.0,0.0,0.0,548630.0,191493839.11,0.29
Kirti Vardhan Singh,Uttar Pradesh,GONDA,147000000.0,32.0,27968519.0,1.0,252857.0,0.0,252857.0,0.0,0.0,0.0,252857.0,146747143.0,0.17
Smt Anupriya Patel,Uttar Pradesh,MIRZAPUR,147000000.0,0.0,0.0,0.0,0.0,0.0,0.0,0.0,0.0,0.0,0.0,147000000.0,0.0
ANAND BHADAURIYA,Uttar Pradesh,DHAURAHRA,147000000.0,132.0,38721345.0,14.0,2600009.0,2200009.0,400000.0,0.0,0.0,0.0,2600009.0,144399991.0,1.77
JITENDRA KUMAR DOHARE,Uttar Pradesh,ETAWAH(SC),188747306.26,70.0,19282469.0,3.0,1037220.0,0.0,1037220.0,0.0,0.0,0.0,1037220.0,187710086.26,0.55
LALJI VERMA,Uttar Pradesh,AMBEDKAR NAGAR,147000000.0,33.0,24397424.0,8.0,5041067.0,4741067.0,300000.0,0.0,0.0,0.0,5041067.0,141958933.0,3.43
Ashok Kumar Rawat,Uttar Pradesh,MISRIKH(SC),147000000.0,2.0,48614657.0,0.0,0.0,0.0,0.0,0.0,0.0,0.0,0.0,147000000.0,0.0
Jagdambika Pal,Uttar Pradesh,DOMARIYAGANJ,160643957.11,0.0,0.0,19.0,15526804.0,12892680.0,2634124.0,0.0,0.0,0.0,15526804.0,145117153.11,9.67
Pankaj Chowdhary,Uttar Pradesh,MAHARAJGANJ_UP,147000000.0,22.0,48503782.0,0.0,0.0,0.0,0.0,0.0,0.0,0.0,0.0,147000000.0,0.0
DHARMENDRA YADAV,Uttar Pradesh,AZAMGARH,147000000.0,0.0,0.0,9.0,9680736.0,2429297.0,7251439.0,0.0,0.0,0.0,9680736.0,137319264.0,6.59
Rajkumar Chahar,Uttar Pradesh,FATEHPUR SIKRI,147000000.0,26.0,48475758.0,0.0,0.0,0.0,0.0,0.0,0.0,0.0,0.0,147000000.0,0.0
Bhola Singh,Uttar Pradesh,BULANDSHAHR(SC),147000000.0,46.0,42394283.0,0.0,0.0,0.0,0.0,0.0,0.0,0.0,0.0,147000000.0,0.0
Rajnath Singh,Uttar Pradesh,LUCKNOW,154808797.11,26.0,22067661.0,4.0,1809982.0,514390.0,1295592.0,0.0,0.0,0.0,1809982.0,152998815.11,1.17
TANUJ PUNIA,Uttar Pradesh,BARABANKI(SC),148198170.11,1.0,11953957.0,1.0,2730402.0,0.0,2730402.0,0.0,0.0,0.0,2730402.0,145467768.11,1.84
RAKESH RATHOR,Uttar Pradesh,SITAPUR,147000000.0,21.0,32047044.0,1.0,599975.0,0.0,599975.0,0.0,0.0,0.0,599975.0,146400025.0,0.41
RAM PRASAD CHAUDHARY,Uttar Pradesh,BASTI,204176957.11,30.0,45647722.0,1.0,710714.0,0.0,710714.0,0.0,0.0,0.0,710714.0,203466243.11,0.35
Ram Shiromani,Uttar Pradesh,SHRAWASTI,151746878.11,0.0,0.0,55.0,14754674.0,14754674.0,0.0,0.0,0.0,0.0,14754674.0,136992204.11,9.72
SHASHANK MANI,Uttar Pradesh,DEORIA,147000000.0,29.0,31045332.0,7.0,3744403.0,3744403.0,0.0,0.0,0.0,0.0,3744403.0,143255597.0,2.55
RAMASHANKAR RAJBHAR,Uttar Pradesh,SALEMPUR,160056927.07,36.0,15119501.0,24.0,3235492.0,2490085.0,745407.0,0.0,0.0,0.0,3235492.0,156821435.07,2.02
RAMESH AWASTHI,Uttar Pradesh,KANPUR,147000000.0,1.0,3831541.0,7.0,4239094.0,0.0,4239094.0,0.0,0.0,0.0,4239094.0,142760906.0,2.88
DEVESH SHAKYA,Uttar Pradesh,ETAH,147000000.0,131.0,31543249.0,0.0,0.0,0.0,0.0,0.0,0.0,0.0,0.0,147000000.0,0.0
DAROGA PRASAD SAROJ,Uttar Pradesh,LALGANJ (SC),147000000.0,31.0,13428482.0,62.0,16176362.0,7568246.0,8608116.0,0.0,0.0,0.0,16176362.0,130823638.0,11.0
CHANDAN CHAUHAN,Uttar Pradesh,BIJNOR,147000000.0,6.0,4342673.0,24.0,9156489.0,9156489.0,0.0,0.0,0.0,0.0,9156489.0,137843511.0,6.23
Ravindra Shyamnarayan Alias Ravi Kishan Shukla,Uttar Pradesh,GORAKHPUR,147000000.0,0.0,0.0,0.0,0.0,0.0,0.0,0.0,0.0,0.0,0.0,147000000.0,0.0
CHHOTELAL,Uttar Pradesh,ROBERTSGANJ(SC),147000000.0,70.0,22124861.0,2.0,737146.0,0.0,737146.0,0.0,0.0,0.0,737146.0,146262854.0,0.5
CHANDRA SHEKHAR,Uttar Pradesh,NAGINA(SC),147000000.0,167.0,47030445.0,111.0,4501081.0,4501081.0,0.0,0.0,0.0,0.0,4501081.0,142498919.0,3.06
CHHATRA PAL SINGH GANGWAR,Uttar Pradesh,BAREILLY,147000000.0,46.0,29134537.0,2.0,182446.0,182446.0,0.0,0.0,0.0,0.0,182446.0,146817554.0,0.12
RAMBHUAL NISHAD,Uttar Pradesh,SULTANPUR,151231957.11,3.0,29778266.0,2.0,10307139.0,9707139.0,600000.0,0.0,0.0,0.0,10307139.0,140924818.11,6.82
Jai Prakash,Uttar Pradesh,HARDOI (SC),147000000.0,2.0,9711274.0,0.0,0.0,0.0,0.0,0.0,0.0,0.0,0.0,147000000.0,0.0
Swami Sachchidanandhari Sakshi ji Maharaj,Uttar Pradesh,UNNAO,147000000.0,9.0,8776638.0,7.0,1077000.0,1077000.0,0.0,0.0,0.0,0.0,1077000.0,145923000.0,0.73
RAJEEV RAI,Uttar Pradesh,GHOSI,147000000.0,83.0,25626069.0,10.0,8459784.0,167287.0,8292497.0,0.0,0.0,0.0,8459784.0,138540216.0,5.75
ATUL GARG,Uttar Pradesh,GHAZIABAD,155336470.0,12.0,8740705.0,9.0,6045905.0,4074216.0,1971689.0,0.0,0.0,0.0,6045905.0,149290565.0,3.89
RUCHI VIRA,Uttar Pradesh,MORADABAD,147000000.0,109.0,22365464.0,0.0,0.0,0.0,0.0,0.0,0.0,0.0,0.0,147000000.0,0.0
Vijay Kumar Dubey,Uttar Pradesh,KUSHI NAGAR,148900000.0,63.0,19294828.0,2.0,868318.0,868318.0,0.0,0.0,0.0,0.0,868318.0,148031682.0,0.58
AWADHESH PRASAD,Uttar Pradesh,FAIZABAD,147000000.0,26.0,35269027.0,35.0,2147355.0,2147355.0,0.0,0.0,0.0,0.0,2147355.0,144852645.0,1.46
IQRA CHOUDHARY,Uttar Pradesh,KAIRANA,147000000.0,0.0,0.0,2.0,1730100.0,1730100.0,0.0,0.0,0.0,0.0,1730100.0,145269900.0,1.18
VIRENDRA SINGH,Uttar Pradesh,CHANDAULI,147000000.0,4.0,22813667.0,5.0,2473023.0,2473023.0,0.0,0.0,0.0,0.0,2473023.0,144526977.0,1.68
BABU SINGH KUSHWAHA,Uttar Pradesh,JAUNPUR,147000000.0,10.0,4710608.0,124.0,6830106.0,4332403.0,2497703.0,0.0,0.0,0.0,6830106.0,140169894.0,4.65
IMRAN MASOOD,Uttar Pradesh,SAHARANPUR,147000000.0,0.0,0.0,16.0,16667889.0,9991304.0,6676585.0,0.0,0.0,0.0,16667889.0,130332111.0,11.34
HARENDRA SINGH MALIK,Uttar Pradesh,MUZAFFARNAGAR,147000000.0,18.0,10779352.0,23.0,5762057.0,5164682.0,597375.0,0.0,0.0,0.0,5762057.0,141237943.0,3.92
Shri Arun Kumar Sagar,Uttar Pradesh,SHAHJAHANPUR(SC),147000000.0,4.0,97143000.0,1.0,1800000.0,0.0,1800000.0,0.0,0.0,0.0,1800000.0,145200000.0,1.22
PRAVEEN PATEL,Uttar Pradesh,PHULPUR,151559884.09,6.0,5758272.0,5.0,22819274.0,730174.0,22089100.0,0.0,0.0,0.0,22819274.0,128740610.09,15.06
PRIYA SAROJ,Uttar Pradesh,MACHHLISHAHR(SC),147000000.0,308.0,17094636.0,10.0,11613173.0,0.0,11613173.0,0.0,0.0,0.0,11613173.0,135386827.0,7.9
Prof SP Singh Baghel,Uttar Pradesh,AGRA(SC),147000000.0,40.0,48736151.0,0.0,0.0,0.0,0.0,0.0,0.0,0.0,0.0,147000000.0,0.0
PUSHPENDRA SAROJ,Uttar Pradesh,KAUSHAMBI(SC),147000000.0,216.0,15967886.0,75.0,7055162.0,7055162.0,0.0,0.0,0.0,0.0,7055162.0,139944838.0,4.8
R.K. CHAUDHARY,Uttar Pradesh,MOHANLALGANJ(SC),147000000.0,12.0,1292580.0,2.0,2492131.0,2492131.0,0.0,0.0,0.0,0.0,2492131.0,144507869.0,1.7
DR. S P SINGH,Uttar Pradesh,PRATAPGARH,147000000.0,9.0,3225243.0,81.0,13264212.0,13264212.0,0.0,0.0,0.0,0.0,13264212.0,133735788.0,9.02
VINOD KUMAR BIND,Uttar Pradesh,BHADOHI,147000000.0,167.0,19869455.0,97.0,12855771.0,11855771.0,1000000.0,0.0,0.0,0.0,12855771.0,134144229.0,8.75
RAHUL GANDHI,Uttar Pradesh,RAE BARELI,147000000.0,3.0,1499998.0,24.0,8091645.0,7102222.0,989423.0,0.0,0.0,0.0,8091645.0,138908355.0,5.5
DR RAJKUMAR SANGWAN,Uttar Pradesh,BAGHPAT,147000000.0,0.0,0.0,1.0,975717.0,975717.0,0.0,0.0,0.0,0.0,975717.0,146024283.0,0.66
Devendra Alias Bhole Singh,Uttar Pradesh,AKBARPUR,147000000.0,24.0,12606205.0,27.0,13470303.0,10980735.0,2489568.0,0.0,0.0,0.0,13470303.0,133529697.0,9.16
TRIVENDRA SINGH RAWAT,Uttarakhand,HARDWAR,147000000.0,0.0,0.0,5.0,3413877.0,0.0,3413877.0,0.0,0.0,0.0,3413877.0,143586123.0,2.32
Mala Rajya Laxmi Shah,Uttarakhand,TEHRI GARHWAL,147000000.0,5.0,6191630.0,34.0,4265729.0,1164904.0,3100825.0,0.0,0.0,0.0,4265729.0,142734271.0,2.9
Ajay Bhatt,Uttarakhand,NAINITAL UDHAM SINGH NAG.,147000000.0,2.0,500772.0,196.0,6017135.0,1119008.0,4898127.0,0.0,0.0,0.0,6017135.0,140982865.0,4.09
Ajay Tamta,Uttarakhand,ALMORA(SC),147000000.0,1.0,454574.0,115.0,2094425.0,1105245.0,989180.0,0.0,0.0,0.0,2094425.0,144905575.0,1.42
ANIL BALUNI,Uttarakhand,GARHWAL,147000000.0,0.0,0.0,1.0,997800.0,0.0,997800.0,0.0,0.0,0.0,997800.0,146002200.0,0.68
Smt Satabdi Roy (Banerjee),West Bengal,BIRBHUM,147000000.0,25.0,14315778.6,2.0,574270.0,0.0,574270.0,0.0,0.0,0.0,574270.0,146425730.0,0.39
Kakoli Ghosh Dastidar,West Bengal,BARASAT,147000000.0,7.0,4061598.0,0.0,0.0,0.0,0.0,0.0,0.0,0.0,0.0,147000000.0,0.0
JUNE MALIAH,West Bengal,MEDINIPUR,147000000.0,2.0,3389598.0,2.0,2922352.0,2922352.0,0.0,0.0,0.0,0.0,2922352.0,144077648.0,1.99
Jagannath Sarkar,West Bengal,RANAGHAT(SC),147000000.0,24.0,10281927.0,0.0,0.0,0.0,0.0,0.0,0.0,0.0,0.0,147000000.0,0.0
JAGADISH CHANDRA BARMA BASUNIA,West Bengal,COOCHBEHAR(SC),168604641.11,0.0,0.0,0.0,0.0,0.0,0.0,0.0,0.0,0.0,0.0,168604641.11,0.0
ISHA KHAN CHOUDHURY,West Bengal,MALDAHA DAKSHIN,147000000.0,0.0,0.0,1.0,1463573.0,0.0,1463573.0,0.0,0.0,0.0,1463573.0,145536427.0,1.0
DR. SHARMILA SARKAR,West Bengal,BARDHAMAN PURBA(SC),147000000.0,5.0,5162900.0,8.0,4803956.0,4555350.0,248606.0,0.0,0.0,0.0,4803956.0,142196044.0,3.27
Dr Sukanta Majumdar,West Bengal,BALURGHAT,157085364.9,3.0,3002015.0,1.0,399582.0,0.0,399582.0,0.0,0.0,0.0,399582.0,156685782.9,0.25
Dr Jayanta Kumar Roy,West Bengal,JALPAIGURI(SC),147000000.0,0.0,0.0,0.0,0.0,0.0,0.0,0.0,0.0,0.0,0.0,147000000.0,0.0
BAG MITALI,West Bengal,ARAMBAG(SC),147000000.0,29.0,11080327.0,5.0,3457026.0,2657026.0,800000.0,0.0,0.0,0.0,3457026.0,143542974.0,2.35
KALIPADA SAREN,West Bengal,JHARGRAM(ST),147000000.0,16.0,30669616.0,1.0,4881631.0,4881631.0,0.0,0.0,0.0,0.0,4881631.0,142118369.0,3.32
AZAD KIRTI JHA,West Bengal,BARDHAMAN-DURGAPUR,179658399.98,0.0,0.0,2.0,3393828.0,3393828.0,0.0,0.0,0.0,0.0,3393828.0,176264571.98,1.89
Asit Kumar Mal,West Bengal,BOLPUR(SC),275694456.74,89.0,92831394.0,5.0,5285096.0,4698129.0,586967.0,0.0,0.0,0.0,5285096.0,270409360.74,1.92
ARUP CHAKRABORTY,West Bengal,BANKURA,147000000.0,0.0,0.0,0.0,0.0,0.0,0.0,0.0,0.0,0.0,0.0,147000000.0,0.0
ADHIKARI SOUMENDU,West Bengal,KANTHI,147000000.0,0.0,0.0,0.0,0.0,0.0,0.0,0.0,0.0,0.0,0.0,147000000.0,0.0
Abu Taher Khan,West Bengal,MURSHIDABAD,147000000.0,4.0,1283318.0,7.0,4613147.0,4613147.0,0.0,0.0,0.0,0.0,4613147.0,142386853.0,3.14
ABHIJIT GANGOPADHYAY,West Bengal,TAMLUK,147000000.0,15.0,5523765.78,26.0,8437769.0,1913218.0,6524551.0,0.0,0.0,0.0,8437769.0,138562231.0,5.74
BAPI HALDAR,West Bengal,MATHURAPUR(SC),147000000.0,56.0,17599445.0,2.0,912139.0,414212.0,497927.0,0.0,0.0,0.0,912139.0,146087861.0,0.62
Kalyan Banerjee,West Bengal,SREERAMPUR,147000000.0,41.0,27460820.0,1.0,450683.0,0.0,450683.0,0.0,0.0,0.0,450683.0,146549317.0,0.31
KARTICK CHANDRA PAUL,West Bengal,RAIGANJ,202677986.56,0.0,0.0,1.0,1918541.0,0.0,1918541.0,0.0,0.0,0.0,1918541.0,200759445.56,0.95
Khagen Murmu,West Bengal,MALDAHA UTTAR,147000000.0,0.0,0.0,0.0,0.0,0.0,0.0,0.0,0.0,0.0,0.0,147000000.0,0.0
Smt Sajda Ahmed,West Bengal,ULUBERIA,147000000.0,38.0,11410765.0,7.0,1706799.0,915741.0,791058.0,0.0,0.0,0.0,1706799.0,145293201.0,1.16
SK NURUL ISLAM,West Bengal,BASIRHAT,49000000.0,5.0,13716044.0,0.0,0.0,0.0,0.0,0.0,0.0,0.0,0.0,49000000.0,0.0
Shri Shantanu Thakur,West Bengal,BANGAON(SC),147000000.0,0.0,0.0,0.0,0.0,0.0,0.0,0.0,0.0,0.0,0.0,147000000.0,0.0
Shri Jyotirmay Singh Mahato,West Bengal,PURULIA,147000000.0,0.0,0.0,0.0,0.0,0.0,0.0,0.0,0.0,0.0,0.0,147000000.0,0.0
Shri Deepak (Dev) Adhikari,West Bengal,GHATAL,200747364.0,18.0,17379478.0,2.0,15984766.0,15984766.0,0.0,0.0,0.0,0.0,15984766.0,184762598.0,7.96
Shri Abhishek Banerjee,West Bengal,DIAMOND HARBOUR,147000000.0,111.0,29550504.0,1.0,799755.0,0.0,799755.0,0.0,0.0,0.0,799755.0,146200245.0,0.54
Shatrughan Sinha,West Bengal,ASANSOL,147000000.0,0.0,0.0,0.0,0.0,0.0,0.0,0.0,0.0,0.0,0.0,147000000.0,0.0
SAYANI GHOSH,West Bengal,JADAVPUR,147000000.0,69.0,9955642.0,3.0,1942427.0,0.0,1942427.0,0.0,0.0,0.0,1942427.0,145057573.0,1.32
Saumitra khan,West Bengal,BISHNUPUR(SC),147000000.0,0.0,0.0,6.0,5649400.0,2476113.0,3173287.0,0.0,0.0,0.0,5649400.0,141350600.0,3.84
Sudip Bandyopadhyay,West Bengal,KOLKATA UTTAR,147000000.0,6.0,5493213.0,0.0,0.0,0.0,0.0,0.0,0.0,0.0,0.0,147000000.0,0.0
Raju Bista,West Bengal,DARJEELING,147000000.0,27.0,12262496.0,4.0,2342202.0,0.0,2342202.0,0.0,0.0,0.0,2342202.0,144657798.0,1.59
Prof Sougata Ray,West Bengal,DUM DUM,147000000.0,1.0,809136.0,0.0,0.0,0.0,0.0,0.0,0.0,0.0,0.0,147000000.0,0.0
Pratima Mondal,West Bengal,JOYNAGAR(SC),147000000.0,90.0,34508083.0,2.0,874827.0,0.0,874827.0,0.0,0.0,0.0,874827.0,146125173.0,0.6
Prasun Banerjee,West Bengal,HOWRAH,147000000.0,8.0,6302554.0,31.0,7288705.0,4438705.0,2850000.0,0.0,0.0,0.0,7288705.0,139711295.0,4.96
PATHAN YUSUF,West Bengal,BAHARAMPUR,147000000.0,1.0,2000000.0,3.0,5047497.0,5047497.0,0.0,0.0,0.0,0.0,5047497.0,141952503.0,3.43
PARTHA BHOWMICK,West Bengal,BARRACKPUR,147000000.0,0.0,0.0,2.0,800000.0,0.0,800000.0,0.0,0.0,0.0,800000.0,146200000.0,0.54
Ms Mahua Moitra,West Bengal,KRISHNANAGAR,159865046.0,13.0,7575016.0,4.0,11087076.0,0.0,11087076.0,0.0,0.0,0.0,11087076.0,148777970.0,6.94
MANOJ TIGGA,West Bengal,ALIPURDUARS(ST),147000000.0,0.0,0.0,10.0,6135972.0,0.0,6135972.0,0.0,0.0,0.0,6135972.0,140864028.0,4.17
Mala Roy,West Bengal,KOLKATA DAKSHIN,147000000.0,19.0,17940500.0,2.0,2005606.0,1005903.0,999703.0,0.0,0.0,0.0,2005606.0,144994394.0,1.36
Khalilur Rahaman,West Bengal,JANGIPUR,147000000.0,0.0,0.0,11.0,2284225.0,2284225.0,0.0,0.0,0.0,0.0,2284225.0,144715775.0,1.55
RACHNA BANERJEE,West Bengal,HOOGHLY,147000000.0,7.0,3639999.0,0.0,0.0,0.0,0.0,0.0,0.0,0.0,0.0,147000000.0,0.0
 , , ,83336673298.01,1.0,16551325671.4,1.0,27707487698.45,0.0,0.0,27707487698.45,1.0,40567400.0,27748055098.45,55588618199.56,33.3
